--
-- PostgreSQL database dump
--

\restrict AxIoJNIRkgemIYWY50utfvc8UzdR8wVO9VqZdmK2XF6yofD6apQoxjZchCSdnxO

-- Dumped from database version 18.0
-- Dumped by pg_dump version 18.0

SET statement_timeout = 0;
SET lock_timeout = 0;
SET idle_in_transaction_session_timeout = 0;
SET transaction_timeout = 0;
SET client_encoding = 'UTF8';
SET standard_conforming_strings = on;
SELECT pg_catalog.set_config('search_path', '', false);
SET check_function_bodies = false;
SET xmloption = content;
SET client_min_messages = warning;
SET row_security = off;

SET default_tablespace = '';

SET default_table_access_method = heap;

--
-- Name: backups; Type: TABLE; Schema: public; Owner: postgres
--

CREATE TABLE public.backups (
    id integer NOT NULL,
    filename character varying(255) NOT NULL,
    filepath character varying(500) NOT NULL,
    file_size bigint,
    created_by integer,
    created_at timestamp without time zone DEFAULT CURRENT_TIMESTAMP,
    description text
);


ALTER TABLE public.backups OWNER TO postgres;

--
-- Name: backups_id_seq; Type: SEQUENCE; Schema: public; Owner: postgres
--

CREATE SEQUENCE public.backups_id_seq
    AS integer
    START WITH 1
    INCREMENT BY 1
    NO MINVALUE
    NO MAXVALUE
    CACHE 1;


ALTER SEQUENCE public.backups_id_seq OWNER TO postgres;

--
-- Name: backups_id_seq; Type: SEQUENCE OWNED BY; Schema: public; Owner: postgres
--

ALTER SEQUENCE public.backups_id_seq OWNED BY public.backups.id;


--
-- Name: materialcategories; Type: TABLE; Schema: public; Owner: postgres
--

CREATE TABLE public.materialcategories (
    id integer NOT NULL,
    name character varying(255) NOT NULL,
    description text,
    created_by integer,
    updated_by integer,
    created_at timestamp without time zone DEFAULT CURRENT_TIMESTAMP,
    updated_at timestamp without time zone DEFAULT CURRENT_TIMESTAMP
);


ALTER TABLE public.materialcategories OWNER TO postgres;

--
-- Name: materialcategories_id_seq; Type: SEQUENCE; Schema: public; Owner: postgres
--

CREATE SEQUENCE public.materialcategories_id_seq
    AS integer
    START WITH 1
    INCREMENT BY 1
    NO MINVALUE
    NO MAXVALUE
    CACHE 1;


ALTER SEQUENCE public.materialcategories_id_seq OWNER TO postgres;

--
-- Name: materialcategories_id_seq; Type: SEQUENCE OWNED BY; Schema: public; Owner: postgres
--

ALTER SEQUENCE public.materialcategories_id_seq OWNED BY public.materialcategories.id;


--
-- Name: materials; Type: TABLE; Schema: public; Owner: postgres
--

CREATE TABLE public.materials (
    id integer NOT NULL,
    category_id integer,
    name character varying(255) NOT NULL,
    code character varying(50) NOT NULL,
    description text,
    unit character varying(30) NOT NULL,
    quantity integer DEFAULT 0,
    created_by integer,
    updated_by integer,
    created_at timestamp without time zone DEFAULT CURRENT_TIMESTAMP,
    updated_at timestamp without time zone DEFAULT CURRENT_TIMESTAMP,
    CONSTRAINT materials_quantity_check CHECK ((quantity >= 0))
);


ALTER TABLE public.materials OWNER TO postgres;

--
-- Name: materials_id_seq; Type: SEQUENCE; Schema: public; Owner: postgres
--

CREATE SEQUENCE public.materials_id_seq
    AS integer
    START WITH 1
    INCREMENT BY 1
    NO MINVALUE
    NO MAXVALUE
    CACHE 1;


ALTER SEQUENCE public.materials_id_seq OWNER TO postgres;

--
-- Name: materials_id_seq; Type: SEQUENCE OWNED BY; Schema: public; Owner: postgres
--

ALTER SEQUENCE public.materials_id_seq OWNED BY public.materials.id;


--
-- Name: notifications; Type: TABLE; Schema: public; Owner: postgres
--

CREATE TABLE public.notifications (
    id integer NOT NULL,
    user_id integer,
    type character varying(100) NOT NULL,
    title character varying(255) NOT NULL,
    message text NOT NULL,
    read boolean DEFAULT false,
    created_at timestamp without time zone DEFAULT CURRENT_TIMESTAMP
);


ALTER TABLE public.notifications OWNER TO postgres;

--
-- Name: notifications_id_seq; Type: SEQUENCE; Schema: public; Owner: postgres
--

CREATE SEQUENCE public.notifications_id_seq
    AS integer
    START WITH 1
    INCREMENT BY 1
    NO MINVALUE
    NO MAXVALUE
    CACHE 1;


ALTER SEQUENCE public.notifications_id_seq OWNER TO postgres;

--
-- Name: notifications_id_seq; Type: SEQUENCE OWNED BY; Schema: public; Owner: postgres
--

ALTER SEQUENCE public.notifications_id_seq OWNED BY public.notifications.id;


--
-- Name: users; Type: TABLE; Schema: public; Owner: postgres
--

CREATE TABLE public.users (
    id integer NOT NULL,
    password text NOT NULL,
    role character varying(20) NOT NULL,
    name character varying(100),
    secondname character varying(100),
    created_at timestamp without time zone DEFAULT CURRENT_TIMESTAMP,
    email character varying(100),
    phone character varying(20),
    birthday date,
    updated_at timestamp without time zone DEFAULT CURRENT_TIMESTAMP,
    username text,
    CONSTRAINT users_role_check CHECK (((role)::text = ANY ((ARRAY['admin'::character varying, 'storekeeper'::character varying, 'accountant'::character varying])::text[])))
);


ALTER TABLE public.users OWNER TO postgres;

--
-- Name: users_id_seq; Type: SEQUENCE; Schema: public; Owner: postgres
--

CREATE SEQUENCE public.users_id_seq
    AS integer
    START WITH 1
    INCREMENT BY 1
    NO MINVALUE
    NO MAXVALUE
    CACHE 1;


ALTER SEQUENCE public.users_id_seq OWNER TO postgres;

--
-- Name: users_id_seq; Type: SEQUENCE OWNED BY; Schema: public; Owner: postgres
--

ALTER SEQUENCE public.users_id_seq OWNED BY public.users.id;


--
-- Name: backups id; Type: DEFAULT; Schema: public; Owner: postgres
--

ALTER TABLE ONLY public.backups ALTER COLUMN id SET DEFAULT nextval('public.backups_id_seq'::regclass);


--
-- Name: materialcategories id; Type: DEFAULT; Schema: public; Owner: postgres
--

ALTER TABLE ONLY public.materialcategories ALTER COLUMN id SET DEFAULT nextval('public.materialcategories_id_seq'::regclass);


--
-- Name: materials id; Type: DEFAULT; Schema: public; Owner: postgres
--

ALTER TABLE ONLY public.materials ALTER COLUMN id SET DEFAULT nextval('public.materials_id_seq'::regclass);


--
-- Name: notifications id; Type: DEFAULT; Schema: public; Owner: postgres
--

ALTER TABLE ONLY public.notifications ALTER COLUMN id SET DEFAULT nextval('public.notifications_id_seq'::regclass);


--
-- Name: users id; Type: DEFAULT; Schema: public; Owner: postgres
--

ALTER TABLE ONLY public.users ALTER COLUMN id SET DEFAULT nextval('public.users_id_seq'::regclass);


--
-- Data for Name: backups; Type: TABLE DATA; Schema: public; Owner: postgres
--

COPY public.backups (id, filename, filepath, file_size, created_by, created_at, description) FROM stdin;
1	backup_2026-01-14T13-36-13-957Z.sql	C:\\Users\\danil\\Desktop\\ДИПЛОМ\\dip30.12\\back\\backups\\backup_2026-01-14T13-36-13-957Z.sql	13663	24	2026-01-14 15:36:14.785126	123456789
\.


--
-- Data for Name: materialcategories; Type: TABLE DATA; Schema: public; Owner: postgres
--

COPY public.materialcategories (id, name, description, created_by, updated_by, created_at, updated_at) FROM stdin;
1	Сухие строительные смеси	Штукатурки, шпаклевки, клеи для плитки, наливные полы, ремонтные составы	24	24	2026-01-14 16:39:43.120855	2026-01-14 16:39:43.120855
2	Кирпич, блоки и перекрытия	Стеновые материалы: кирпич, газобетонные и пеноблоки, плиты перекрытия	24	24	2026-01-14 16:39:43.120855	2026-01-14 16:39:43.120855
3	Кровельные материалы	Металлочерепица, мягкая кровля, профнастил, водосточные системы, изоляция	24	24	2026-01-14 16:39:43.120855	2026-01-14 16:39:43.120855
4	Отделочные материалы	Панели для стен и потолка, декоративный камень, 3D-панели, комплектующие	24	24	2026-01-14 16:39:43.120855	2026-01-14 16:39:43.120855
5	Лакокрасочные материалы	Краски для стен и фасадов, эмали, грунтовки, лаки, морилки, инструменты для нанесения	24	24	2026-01-14 16:39:43.120855	2026-01-14 16:39:43.120855
6	Напольные покрытия	Ламинат, паркетная доска, линолеум, ковролин, плитка ПВХ, пробка, сопутствующие товары	24	24	2026-01-14 16:39:43.120855	2026-01-14 16:39:43.120855
7	Керамическая плитка и клей	Напольная и настенная плитка, мозаика, декоративные элементы, затирки, клеевые составы	24	24	2026-01-14 16:39:43.120855	2026-01-14 16:39:43.120855
8	Сантехника и водоснабжение	Раковины, унитазы, ванны, смесители, трубы, фитинги, водонагреватели	24	24	2026-01-14 16:39:43.120855	2026-01-14 16:39:43.120855
9	Электротовары и освещение	Кабель, розетки, выключатели, щитки, светильники, лампы, системы "умный дом"	24	24	2026-01-14 16:39:43.120855	2026-01-14 16:39:43.120855
10	Инструменты	Ручной, измерительный и садовый инструмент, оснастка и расходники	24	24	2026-01-14 16:39:43.120855	2026-01-14 16:39:43.120855
11	Электроинструмент и оборудование	Дрели, перфораторы, шлифмашины, пилы, станки, компрессоры, генераторы	24	24	2026-01-14 16:39:43.120855	2026-01-14 16:39:43.120855
12	Окна, двери, стекло	Металлические и межкомнатные двери, оконные системы, зеркала, стекло, фурнитура	24	24	2026-01-14 16:39:43.120855	2026-01-14 16:39:43.120855
13	Пиломатериалы и изделия из дерева	Доска, брус, вагонка, фанера, OSB, мебельный щит, лестницы	24	24	2026-01-14 16:39:43.120855	2026-01-14 16:39:43.120855
14	Изоляционные материалы	Тепло-, звуко- и гидроизоляция: утеплители, пленки, мембраны, скотчи	24	24	2026-01-14 16:39:43.120855	2026-01-14 16:39:43.120855
15	Крепеж и метизы	Саморезы, дюбели, анкеры, гвозди, шурупы, химические анкеры, монтажные системы	24	24	2026-01-14 16:39:43.120855	2026-01-14 16:39:43.120855
16	Фасадные материалы	Фасадные панели, сайдинг, штукатурные системы, элементы фасадного декора	24	24	2026-01-14 16:42:45.769651	2026-01-14 16:42:45.769651
17	Лестницы и комплектующие	Готовые лестницы, ступени, балясины, перила, поручни, кронштейны	24	24	2026-01-14 16:42:45.769651	2026-01-14 16:42:45.769651
18	Потолочные системы	Натяжные потолки, потолочные панели, реечные потолки, армстронг, каркасы	24	24	2026-01-14 16:42:45.769651	2026-01-14 16:42:45.769651
19	Стеновые панели МДФ/ПВХ	Декоративные панели для внутренней отделки, рейки, плитка из МДФ и ПВХ	24	24	2026-01-14 16:42:45.769651	2026-01-14 16:42:45.769651
20	Гипсокартон и комплектующие	Листы ГКЛ, ГВЛ, профили, крепеж, ленты, шпаклевки для швов	24	24	2026-01-14 16:42:45.769651	2026-01-14 16:42:45.769651
21	Пены, герметики, клеи	Монтажные пены, герметики силиконовые и акриловые, строительные клеи	24	24	2026-01-14 16:42:45.769651	2026-01-14 16:42:45.769651
22	Химия для строительства	Грунтовки глубокого проникновения, пропитки, антисептики, очистители	24	24	2026-01-14 16:42:45.769651	2026-01-14 16:42:45.769651
23	Камины и печи	Готовые камины, печи для бани, дымоходы, аксессуары, топки	24	24	2026-01-14 16:42:45.769651	2026-01-14 16:42:45.769651
24	Вентиляция и кондиционирование	Воздуховоды, вентиляторы, решетки, сплит-системы, комплектующие	24	24	2026-01-14 16:42:45.769651	2026-01-14 16:42:45.769651
25	Системы хранения	Стеллажи, полки, гардеробные системы, кронштейны, антресоли	24	24	2026-01-14 16:42:45.769651	2026-01-14 16:42:45.769651
26	Садовый инвентарь	Лопаты, грабли, вилы, тачки, шланги, опрыскиватели, перчатки	24	24	2026-01-14 16:42:45.769651	2026-01-14 16:42:45.769651
27	Садовая мебель и декор	Садовые скамейки, столы, качели, беседки, вазоны, фигурки	24	24	2026-01-14 16:42:45.769651	2026-01-14 16:42:45.769651
28	Лакокрасочные инструменты	Кисти, валики, краскопульты, ванночки, шпатели малярные	24	24	2026-01-14 16:42:45.769651	2026-01-14 16:42:45.769651
29	Защита и спецодежда	Каски, очки, перчатки, респираторы, спецодежда, страховочные системы	24	24	2026-01-14 16:42:45.769651	2026-01-14 16:42:45.769651
30	Измерительные инструменты	Рулетки, уровни, угольники, лазерные нивелиры, дальномеры	24	24	2026-01-14 16:42:45.769651	2026-01-14 16:42:45.769651
31	Сварочное оборудование	Сварочные аппараты, маски, электроды, проволока, газовые баллоны	24	24	2026-01-14 16:42:45.769651	2026-01-14 16:42:45.769651
32	Пневмоинструмент	Пневмопистолеты, гайковерты, шлифмашины, компрессоры, шланги	24	24	2026-01-14 16:42:45.769651	2026-01-14 16:42:45.769651
33	Климатическая техника	Обогреватели, тепловые пушки, увлажнители, осушители, вентиляторы	24	24	2026-01-14 16:42:45.769651	2026-01-14 16:42:45.769651
34	Счетчики и КИП	Счетчики воды, газа, электроэнергии, манометры, термометры	24	24	2026-01-14 16:42:45.769651	2026-01-14 16:42:45.769651
35	Автоматика и системы управления	Реле, датчики, контроллеры, приводы для ворот, системы контроля	24	24	2026-01-14 16:42:45.769651	2026-01-14 16:42:45.769651
36	Бассейны и оборудование	Каркасные и надувные бассейны, насосы, фильтры, химия для бассейнов	24	24	2026-01-14 16:42:45.769651	2026-01-14 16:42:45.769651
37	Банно-сауное оборудование	Печи для сауны, полки, аксессуары, ковши, термометры, ароматизаторы	24	24	2026-01-14 16:42:45.769651	2026-01-14 16:42:45.769651
38	Дорожное покрытие и благоустройство	Тротуарная плитка, бордюры, водостоки, газонные решетки	24	24	2026-01-14 16:42:45.769651	2026-01-14 16:42:45.769651
39	Уличное освещение	Фонари, светильники, прожекторы, солнечные батареи, опоры	24	24	2026-01-14 16:42:45.769651	2026-01-14 16:42:45.769651
40	Сезонные товары	Снегоуборочная техника, противогололедные материалы, мангалы, товары для отдыха	24	24	2026-01-14 16:42:45.769651	2026-01-14 16:42:45.769651
\.


--
-- Data for Name: materials; Type: TABLE DATA; Schema: public; Owner: postgres
--

COPY public.materials (id, category_id, name, code, description, unit, quantity, created_by, updated_by, created_at, updated_at) FROM stdin;
1	1	Штукатурка гипсовая Knauf Ротбанд 30 кг	SSS001	Гипсовая штукатурка для ручного нанесения	мешок	0	24	24	2026-01-14 16:50:15.921766	2026-01-14 16:50:15.921766
2	1	Шпаклевка финишная Weber Vetonit LR+ 25 кг	SSS002	Финишная шпаклевка для внутренних работ	мешок	0	24	24	2026-01-14 16:50:15.921766	2026-01-14 16:50:15.921766
3	1	Клей для плитки Ceresit CM11 25 кг	SSS003	Цементный клей для керамической плитки	мешок	0	24	24	2026-01-14 16:50:15.921766	2026-01-14 16:50:15.921766
4	1	Наливной пол Bergauf Boden Zement 25 кг	SSS004	Быстротвердеющая самовыравнивающаяся смесь	мешок	0	24	24	2026-01-14 16:50:15.921766	2026-01-14 16:50:15.921766
5	1	Штукатурка цементная Основит Стартвэлл 25 кг	SSS005	Цементная штукатурка для фасадных работ	мешок	0	24	24	2026-01-14 16:50:15.921766	2026-01-14 16:50:15.921766
6	1	Ремонтная смесь Mapei Planitop Fast 25 кг	SSS006	Быстротвердеющая ремонтная смесь для бетона	мешок	0	24	24	2026-01-14 16:50:15.921766	2026-01-14 16:50:15.921766
7	1	Клей для газобетона Bonolit 25 кг	SSS007	Тонкослойный клей для кладки газобетонных блоков	мешок	0	24	24	2026-01-14 16:50:15.921766	2026-01-14 16:50:15.921766
8	1	Затирка для швов Litokol Starlike 5 кг	SSS008	Эпоксидная затирка для плиточных швов	кг	0	24	24	2026-01-14 16:50:15.921766	2026-01-14 16:50:15.921766
9	1	Клей для обоев Quelyd 250 г	SSS009	Сухой клей для всех типов обоев	шт	0	24	24	2026-01-14 16:50:15.921766	2026-01-14 16:50:15.921766
10	1	Смесь для стяжки Perfekta Толстый слой 50 кг	SSS010	Пескобетон для устройства стяжек толщиной до 100 мм	мешок	0	24	24	2026-01-14 16:50:15.921766	2026-01-14 16:50:15.921766
11	2	Кирпич керамический полнотелый М150	KBP001	Стандартный строительный кирпич	шт	0	24	24	2026-01-14 16:50:15.921766	2026-01-14 16:50:15.921766
12	2	Газобетонный блок D500 600x300x200 мм	KBP002	Автоклавный газобетон для стен	шт	0	24	24	2026-01-14 16:50:15.921766	2026-01-14 16:50:15.921766
13	2	Пеноблок D600 600x300x200 мм	KBP003	Пенобетонный блок для перегородок	шт	0	24	24	2026-01-14 16:50:15.921766	2026-01-14 16:50:15.921766
14	2	Плита перекрытия ПК 60-15-8	KBP004	Пустотная плита перекрытия длиной 6м	шт	0	24	24	2026-01-14 16:50:15.921766	2026-01-14 16:50:15.921766
15	2	Кирпич облицовочный коричневый	KBP005	Фасадный кирпич для декоративной кладки	шт	0	24	24	2026-01-14 16:50:15.921766	2026-01-14 16:50:15.921766
16	2	Блок керамический поризованный 14,3 НФ	KBP006	Теплая керамика для наружных стен	шт	0	24	24	2026-01-14 16:50:15.921766	2026-01-14 16:50:15.921766
17	2	Перемычка брусковая 2ПБ 16-2	KBP007	Железобетонная перемычка для проемов	шт	0	24	24	2026-01-14 16:50:15.921766	2026-01-14 16:50:15.921766
18	2	Блок фундаментный ФБС 24-6-6	KBP008	Бетонный блок для устройства фундаментов	шт	0	24	24	2026-01-14 16:50:15.921766	2026-01-14 16:50:15.921766
19	2	Кирпич шамотный ШБ-5	KBP009	Огнеупорный кирпич для печей и каминов	шт	0	24	24	2026-01-14 16:50:15.921766	2026-01-14 16:50:15.921766
20	2	Блок пескобетонный 390x190x188 мм	KBP010	Стеновой блок для подвалов и цоколей	шт	0	24	24	2026-01-14 16:50:15.921766	2026-01-14 16:50:15.921766
21	2	Плита дорожная ПДН 6х2х0,18 м	KBP011	Бетонная плита для дорожного покрытия	шт	0	24	24	2026-01-14 16:50:15.921766	2026-01-14 16:50:15.921766
22	2	Армопояс U-блок 500x400x250 мм	KBP012	U-образный блок для устройства армопояса	шт	0	24	24	2026-01-14 16:50:15.921766	2026-01-14 16:50:15.921766
23	3	Металлочерепица Монтеррей 0,5 мм цвет шоколад	KM001	Стальная металлочерепица с полимерным покрытием	м²	0	24	24	2026-01-14 16:50:15.921766	2026-01-14 16:50:15.921766
24	3	Профнастил С8 оцинкованный 0,5 мм	KM002	Гофрированный лист для заборов и кровли	м²	0	24	24	2026-01-14 16:50:15.921766	2026-01-14 16:50:15.921766
25	3	Гибкая черепица Shinglas Джаз 3 м²	KM003	Битумная черепица с самоклеящимся слоем	уп	0	24	24	2026-01-14 16:50:15.921766	2026-01-14 16:50:15.921766
26	3	Водосточная система Grand Line 125/90	KM004	Пластиковая водосточная система	комплект	0	24	24	2026-01-14 16:50:15.921766	2026-01-14 16:50:15.921766
27	3	Подкровельная пленка Tyvek Soft 75 м²	KM005	Паро-ветрозащитная мембрана	рулон	0	24	24	2026-01-14 16:50:15.921766	2026-01-14 16:50:15.921766
28	3	Конек кровельный 2 м цвет коричневый	KM006	Коньковый элемент для металлочерепицы	шт	0	24	24	2026-01-14 16:50:15.921766	2026-01-14 16:50:15.921766
29	3	Ендова нижняя 2 м оцинкованная	KM007	Доборный элемент для внутренних углов кровли	шт	0	24	24	2026-01-14 16:50:15.921766	2026-01-14 16:50:15.921766
30	3	Снегозадержатель трубчатый 3 м	KM008	Система удержания снега на кровле	шт	0	24	24	2026-01-14 16:50:15.921766	2026-01-14 16:50:15.921766
31	3	Капельник карнизный 2 м	KM009	Металлический капельник для карниза	шт	0	24	24	2026-01-14 16:50:15.921766	2026-01-14 16:50:15.921766
32	3	Фальцевая кровля 0,5 мм цинк-титан	KM010	Листовая кровля из цветного металла	м²	0	24	24	2026-01-14 16:50:15.921766	2026-01-14 16:50:15.921766
33	3	Композитная черепица Decra 0,4 мм	KM011	Черепица из стального листа с каменной крошкой	м²	0	24	24	2026-01-14 16:50:15.921766	2026-01-14 16:50:15.921766
34	3	Аэратор кровельный 300 мм	KM012	Устройство для вентиляции подкровельного пространства	шт	0	24	24	2026-01-14 16:50:15.921766	2026-01-14 16:50:15.921766
35	3	Лестница кровельная 2 секции	KM013	Стационарная лестница для обслуживания кровли	шт	0	24	24	2026-01-14 16:50:15.921766	2026-01-14 16:50:15.921766
36	3	Кровельный костыль 200 мм	KM014	Крепежный элемент для деревянных конструкций	шт	0	24	24	2026-01-14 16:50:15.921766	2026-01-14 16:50:15.921766
37	3	Вентиляционная лента коньковая 10 м	KM015	Лента для вентилируемого конька	шт	0	24	24	2026-01-14 16:50:15.921766	2026-01-14 16:50:15.921766
38	4	Панель ПВХ 250 мм белая матовая	OM001	Стеновая панель для влажных помещений	шт	0	24	24	2026-01-14 16:50:15.921766	2026-01-14 16:50:15.921766
548	24	Решетка вентиляционная	HVAC003	Пластиковая решетка	шт	0	24	24	2026-01-14 17:01:25.806664	2026-01-14 17:01:25.806664
39	4	Декоративный камень Белый кирпич	OM002	Искусственный камень для внутренней отделки	м²	0	24	24	2026-01-14 16:50:15.921766	2026-01-14 16:50:15.921766
40	4	Панель МДФ 2,6 м дуб светлый	OM003	Ламинированная стеновая панель	шт	0	24	24	2026-01-14 16:50:15.921766	2026-01-14 16:50:15.921766
41	4	3D панель гипсовая Волна 60х60 см	OM004	Объемная декоративная панель	шт	0	24	24	2026-01-14 16:50:15.921766	2026-01-14 16:50:15.921766
42	4	Плинтус ПВХ 60 мм белый	OM005	Напольный плинтус с кабель-каналом	м	0	24	24	2026-01-14 16:50:15.921766	2026-01-14 16:50:15.921766
43	4	Уголок ПВХ 20х20 мм белый	OM006	Декоративный уголок для защиты углов	м	0	24	24	2026-01-14 16:50:15.921766	2026-01-14 16:50:15.921766
44	4	Молдинг полиуретановый 70 мм	OM007	Декоративный элемент для потолков и стен	м	0	24	24	2026-01-14 16:50:15.921766	2026-01-14 16:50:15.921766
45	4	Стеклянная панель 8 мм матовая	OM008	Декоративное стекло для интерьеров	м²	0	24	24	2026-01-14 16:50:15.921766	2026-01-14 16:50:15.921766
46	4	Панель акустическая 60х60 см	OM009	Звукопоглощающая панель для стен	шт	0	24	24	2026-01-14 16:50:15.921766	2026-01-14 16:50:15.921766
47	4	Керамогранитная плитка 600x600 мм	OM010	Напольная плитка повышенной прочности	м²	0	24	24	2026-01-14 16:50:15.921766	2026-01-14 16:50:15.921766
48	4	Стеновые панели из бамбука	OM011	Экологичные панели для отделки	м²	0	24	24	2026-01-14 16:50:15.921766	2026-01-14 16:50:15.921766
49	4	Кромка ПВХ 2 мм 100 м	OM012	Кромочная лента для мебели	рулон	0	24	24	2026-01-14 16:50:15.921766	2026-01-14 16:50:15.921766
50	5	Краска интерьерная белая матовая 10 л	LKM001	Водно-дисперсионная краска для стен	банка	0	24	24	2026-01-14 16:50:15.921766	2026-01-14 16:50:15.921766
51	5	Эмаль ПФ-115 белая 3 кг	LKM002	Масляная эмаль для дерева и металла	банка	0	24	24	2026-01-14 16:50:15.921766	2026-01-14 16:50:15.921766
52	5	Грунтовка глубокого проникновения 10 л	LKM003	Универсальная акриловая грунтовка	канистра	0	24	24	2026-01-14 16:50:15.921766	2026-01-14 16:50:15.921766
53	5	Лак паркетный глянцевый 2,5 л	LKM004	Полиуретановый лак для деревянных полов	банка	0	24	24	2026-01-14 16:50:15.921766	2026-01-14 16:50:15.921766
54	5	Краска фасадная бежевая 15 кг	LKM005	Фасадная силиконовая краска	ведро	0	24	24	2026-01-14 16:50:15.921766	2026-01-14 16:50:15.921766
55	5	Морилка для дерева дуб темный 1 л	LKM006	Тонирующий состав для древесины	банка	0	24	24	2026-01-14 16:50:15.921766	2026-01-14 16:50:15.921766
56	5	Эмаль аэрозольная черная 400 мл	LKM007	Баллончик с краской для мелких работ	шт	0	24	24	2026-01-14 16:50:15.921766	2026-01-14 16:50:15.921766
57	5	Лак яхтный 0,9 л	LKM008	Водостойкий лак для наружных работ	банка	0	24	24	2026-01-14 16:50:15.921766	2026-01-14 16:50:15.921766
58	5	Краска по ржавчине 1 кг	LKM009	Грунт-эмаль по ржавчине 3 в 1	банка	0	24	24	2026-01-14 16:50:15.921766	2026-01-14 16:50:15.921766
59	5	Шпатлевка автомобильная 1 кг	LKM010	Полиэфирная шпатлевка для авторемонта	банка	0	24	24	2026-01-14 16:50:15.921766	2026-01-14 16:50:15.921766
60	5	Олифа натуральная 1 л	LKM011	Пропитка для дерева перед покраской	банка	0	24	24	2026-01-14 16:50:15.921766	2026-01-14 16:50:15.921766
61	5	Лак для ногтей прозрачный 0,5 л	LKM012	Прозрачный лак для защиты поверхностей	банка	0	24	24	2026-01-14 16:50:15.921766	2026-01-14 16:50:15.921766
62	5	Краска для радиаторов белая 0,9 л	LKM013	Термостойкая эмаль для батарей	банка	0	24	24	2026-01-14 16:50:15.921766	2026-01-14 16:50:15.921766
63	5	Пигмент красный 100 мл	LKM014	Колер для самостоятельного окрашивания	шт	0	24	24	2026-01-14 16:50:15.921766	2026-01-14 16:50:15.921766
64	5	Воск для дерева 0,5 л	LKM015	Защитно-декоративное покрытие	банка	0	24	24	2026-01-14 16:50:15.921766	2026-01-14 16:50:15.921766
65	6	Ламинат 33 класс дуб светлый 2,16 м²	NP001	Влагостойкий ламинат для жилых помещений	уп	0	24	24	2026-01-14 16:50:15.921766	2026-01-14 16:50:15.921766
66	6	Паркетная доска ясень 3-полосная 2,2 м²	NP002	Массивная паркетная доска	уп	0	24	24	2026-01-14 16:50:15.921766	2026-01-14 16:50:15.921766
67	6	Линолеум бытовой 3 м 2,5 мм	NP003	Гомогенный линолеум для квартир	м²	0	24	24	2026-01-14 16:50:15.921766	2026-01-14 16:50:15.921766
68	6	Ковролин нейлоновый серый 4 м	NP004	Износостойкий ковровое покрытие	м²	0	24	24	2026-01-14 16:50:15.921766	2026-01-14 16:50:15.921766
69	6	Плитка ПВХ самоклеющаяся 30х30 см	NP005	Виниловая плитка для пола	уп	0	24	24	2026-01-14 16:50:15.921766	2026-01-14 16:50:15.921766
70	6	Пробковый пол 3 мм 1 м²	NP006	Натуральное пробковое покрытие	уп	0	24	24	2026-01-14 16:50:15.921766	2026-01-14 16:50:15.921766
71	6	Подложка под ламинат 3 мм 10 м²	NP007	Вспененная полиэтиленовая подложка	рулон	0	24	24	2026-01-14 16:50:15.921766	2026-01-14 16:50:15.921766
72	6	Плинтус деревянный 60 мм 2,5 м	NP008	Массивный плинтус из сосны	шт	0	24	24	2026-01-14 16:50:15.921766	2026-01-14 16:50:15.921766
73	6	Клей для паркета 5 кг	NP009	Дисперсионный клей для деревянных полов	ведро	0	24	24	2026-01-14 16:50:15.921766	2026-01-14 16:50:15.921766
74	6	Лак для паркета матовый 2,5 л	NP010	Износостойкий лак для деревянных полов	банка	0	24	24	2026-01-14 16:50:15.921766	2026-01-14 16:50:15.921766
75	6	Кромочная лента 10 см 25 м	NP011	Лента для компенсации расширения	рулон	0	24	24	2026-01-14 16:50:15.921766	2026-01-14 16:50:15.921766
76	6	Шумоизоляция под стяжку 10 мм 10 м²	NP012	Звукоизолирующий материал	рулон	0	24	24	2026-01-14 16:50:15.921766	2026-01-14 16:50:15.921766
77	6	Коврик придверный 60х90 см	NP013	Грязезащитный коврик	шт	0	24	24	2026-01-14 16:50:15.921766	2026-01-14 16:50:15.921766
78	6	Противоскользящая лента 5 см 10 м	NP014	Самоклеющаяся лента для ступеней	рулон	0	24	24	2026-01-14 16:50:15.921766	2026-01-14 16:50:15.921766
79	6	Ремкомплект для ламината	NP015	Набор для ремонта повреждений	набор	0	24	24	2026-01-14 16:50:15.921766	2026-01-14 16:50:15.921766
80	7	Плитка настенная 25х40 см белая	KPP001	Керамическая плитка для ванной	м²	0	24	24	2026-01-14 16:50:15.921766	2026-01-14 16:50:15.921766
81	7	Плитка напольная 60х60 см под дерево	KPP002	Керамогранитная напольная плитка	м²	0	24	24	2026-01-14 16:50:15.921766	2026-01-14 16:50:15.921766
82	7	Мозаика стеклянная 30х30 см	KPP003	Декоративная мозаика для фартуков	лист	0	24	24	2026-01-14 16:50:15.921766	2026-01-14 16:50:15.921766
83	7	Плитка для фасада 30х60 см	KPP004	Морозостойкая плитка для наружных работ	м²	0	24	24	2026-01-14 16:50:15.921766	2026-01-14 16:50:15.921766
84	7	Клей для плитки усиленный 25 кг	KPP005	Клей для крупноформатной плитки	мешок	0	24	24	2026-01-14 16:50:15.921766	2026-01-14 16:50:15.921766
85	7	Затирка для швов белая 5 кг	KPP006	Цементная затирка для плиточных швов	мешок	0	24	24	2026-01-14 16:50:15.921766	2026-01-14 16:50:15.921766
86	7	Крестики для плитки 2 мм 100 шт	KPP007	Пластиковые крестики для ровных швов	уп	0	24	24	2026-01-14 16:50:15.921766	2026-01-14 16:50:15.921766
87	7	Система выравнивания плитки 100 шт	KPP008	Клипсы для бесшовной укладки	набор	0	24	24	2026-01-14 16:50:15.921766	2026-01-14 16:50:15.921766
88	7	Плитка для ступеней 30х60 см	KPP009	Противоскользящая плитка для лестниц	шт	0	24	24	2026-01-14 16:50:15.921766	2026-01-14 16:50:15.921766
89	7	Бордюр декоративный 7,5х25 см	KPP010	Фриз для отделки плиточных поверхностей	шт	0	24	24	2026-01-14 16:50:15.921766	2026-01-14 16:50:15.921766
90	7	Плитка мраморная 60х60 см	KPP011	Полированная плитка из натурального камня	м²	0	24	24	2026-01-14 16:50:15.921766	2026-01-14 16:50:15.921766
91	7	Клей для мозаики 5 кг	KPP012	Белый клей для прозрачных материалов	ведро	0	24	24	2026-01-14 16:50:15.921766	2026-01-14 16:50:15.921766
92	8	Раковина тюльпан белая 50 см	SV001	Напольная раковина с пьедесталом	шт	0	24	24	2026-01-14 16:50:15.921766	2026-01-14 16:50:15.921766
93	8	Унитаз компакт с микролифтом	SV002	Напольный унитаз с бачком	шт	0	24	24	2026-01-14 16:50:15.921766	2026-01-14 16:50:15.921766
94	8	Ванна акриловая 170х70 см	SV003	Стальная ванна с акриловым покрытием	шт	0	24	24	2026-01-14 16:50:15.921766	2026-01-14 16:50:15.921766
95	8	Смеситель для ванны с душем	SV004	Двухвентильный смеситель	шт	0	24	24	2026-01-14 16:50:15.921766	2026-01-14 16:50:15.921766
96	8	Труба полипропиленовая 20 мм 4 м	SV005	Труба для холодного водоснабжения	шт	0	24	24	2026-01-14 16:50:15.921766	2026-01-14 16:50:15.921766
97	8	Фитинг угол 90° 20 мм	SV006	Угловой соединитель для труб	шт	0	24	24	2026-01-14 16:50:15.921766	2026-01-14 16:50:15.921766
98	8	Водонагреватель накопительный 80 л	SV007	Электрический бойлер	шт	0	24	24	2026-01-14 16:50:15.921766	2026-01-14 16:50:15.921766
99	8	Сифон для раковины с переливом	SV008	Пластиковый сифон 1 1/4"	шт	0	24	24	2026-01-14 16:50:15.921766	2026-01-14 16:50:15.921766
100	8	Полотенцесушитель электрический 120 см	SV009	Настенный змеевик с ТЭНом	шт	0	24	24	2026-01-14 16:50:15.921766	2026-01-14 16:50:15.921766
101	8	Коллектор распределительный 3 выхода	SV010	Гребенка для разводки воды	шт	0	24	24	2026-01-14 16:50:15.921766	2026-01-14 16:50:15.921766
102	8	Счетчик воды холодной 1/2"	SV011	Крыльчатый счетчик расхода воды	шт	0	24	24	2026-01-14 16:50:15.921766	2026-01-14 16:50:15.921766
103	8	Гофра для унитаза 1,5 м	SV012	Гибкая подводка для подключения	шт	0	24	24	2026-01-14 16:50:15.921766	2026-01-14 16:50:15.921766
104	8	Фильтр грубой очистки 1/2"	SV013	Сетчатый фильтр-грязевик	шт	0	24	24	2026-01-14 16:50:15.921766	2026-01-14 16:50:15.921766
105	8	Душ тропический 25х25 см	SV014	Верхний душ с регулировкой	шт	0	24	24	2026-01-14 16:50:15.921766	2026-01-14 16:50:15.921766
106	8	Кран шаровый 1/2"	SV015	Запорная арматура для труб	шт	0	24	24	2026-01-14 16:50:15.921766	2026-01-14 16:50:15.921766
107	9	Кабель ВВГ 3х2,5 100 м	ET001	Медный силовой кабель	бухта	0	24	24	2026-01-14 16:50:15.921766	2026-01-14 16:50:15.921766
108	9	Розетка двойная с заземлением	ET002	Встраиваемая розетка для скрытого монтажа	шт	0	24	24	2026-01-14 16:50:15.921766	2026-01-14 16:50:15.921766
109	9	Выключатель одноклавишный	ET003	Клавишный выключатель	шт	0	24	24	2026-01-14 16:50:15.921766	2026-01-14 16:50:15.921766
110	9	Щиток распределительный 12 модулей	ET004	Пластиковый щиток для автоматов	шт	0	24	24	2026-01-14 16:50:15.921766	2026-01-14 16:50:15.921766
111	9	Автомат 16А однополюсный	ET005	Автоматический выключатель	шт	0	24	24	2026-01-14 16:50:15.921766	2026-01-14 16:50:15.921766
112	9	Светильник потолочный LED 40 Вт	ET006	Встраиваемый точечный светильник	шт	0	24	24	2026-01-14 16:50:15.921766	2026-01-14 16:50:15.921766
113	9	Лампа LED 10 Вт E27	ET007	Светодиодная лампа теплый свет	шт	0	24	24	2026-01-14 16:50:15.921766	2026-01-14 16:50:15.921766
114	9	Люстра 5-рожковая хрусталь	ET008	Подвесная люстра для гостиной	шт	0	24	24	2026-01-14 16:50:15.921766	2026-01-14 16:50:15.921766
115	9	Бра настенное с абажуром	ET009	Декоративный светильник для стен	шт	0	24	24	2026-01-14 16:50:15.921766	2026-01-14 16:50:15.921766
116	9	Трехжильный провод ПВС 3х1,5	ET010	Гибкий провод для подключения	бухта	0	24	24	2026-01-14 16:50:15.921766	2026-01-14 16:50:15.921766
117	9	Коробка распределительная 100х100 мм	ET011	Монтажная коробка для соединений	шт	0	24	24	2026-01-14 16:50:15.921766	2026-01-14 16:50:15.921766
118	9	Терморегулятор для теплого пола	ET012	Программируемый регулятор температуры	шт	0	24	24	2026-01-14 16:50:15.921766	2026-01-14 16:50:15.921766
119	9	Датчик движения для освещения	ET013	Инфракрасный датчик включения света	шт	0	24	24	2026-01-14 16:50:15.921766	2026-01-14 16:50:15.921766
120	9	Звонок дверной беспроводной	ET014	Радиозвонок с приемником и кнопкой	комплект	0	24	24	2026-01-14 16:50:15.921766	2026-01-14 16:50:15.921766
121	9	Таймер электронный суточный	ET015	Программатор для автоматического включения	шт	0	24	24	2026-01-14 16:50:15.921766	2026-01-14 16:50:15.921766
668	35	Домофон система	AS005	Видеодомофон	комплект	0	24	24	2026-01-14 17:01:25.806664	2026-01-14 17:01:25.806664
122	10	Молоток слесарный 500 г	IN001	Стальной молоток с фиберглассовой ручкой	шт	0	24	24	2026-01-14 16:50:15.921766	2026-01-14 16:50:15.921766
123	10	Отвертка крестовая PH2	IN002	Диэлектрическая отвертка	шт	0	24	24	2026-01-14 16:50:15.921766	2026-01-14 16:50:15.921766
124	10	Ключ разводной 12"	IN003	Регулируемый гаечный ключ	шт	0	24	24	2026-01-14 16:50:15.921766	2026-01-14 16:50:15.921766
125	10	Плоскогубцы 180 мм	IN004	Комбинированные плоскогубцы	шт	0	24	24	2026-01-14 16:50:15.921766	2026-01-14 16:50:15.921766
126	10	Ножовка по металлу 300 мм	IN005	Ручная пила с полотном	шт	0	24	24	2026-01-14 16:50:15.921766	2026-01-14 16:50:15.921766
127	10	Уровень пузырьковый 60 см	IN006	Алюминиевый уровень 3 глазка	шт	0	24	24	2026-01-14 16:50:15.921766	2026-01-14 16:50:15.921766
128	10	Рулетка 5 м	IN007	Стальная измерительная лента	шт	0	24	24	2026-01-14 16:50:15.921766	2026-01-14 16:50:15.921766
129	10	Набор бит 50 предметов	IN008	Набор сменных насадок для шуруповерта	набор	0	24	24	2026-01-14 16:50:15.921766	2026-01-14 16:50:15.921766
130	10	Топор плотницкий 1 кг	IN009	Топор с деревянной ручкой	шт	0	24	24	2026-01-14 16:50:15.921766	2026-01-14 16:50:15.921766
131	10	Лопата штыковая из стали	IN010	Садово-строительная лопата	шт	0	24	24	2026-01-14 16:50:15.921766	2026-01-14 16:50:15.921766
132	10	Киянка резиновая 500 г	IN011	Молоток для деликатных работ	шт	0	24	24	2026-01-14 16:50:15.921766	2026-01-14 16:50:15.921766
133	10	Стамеска 20 мм	IN012	Плотницкая стамеска по дереву	шт	0	24	24	2026-01-14 16:50:15.921766	2026-01-14 16:50:15.921766
134	10	Ножницы по металлу 250 мм	IN013	Ручные ножницы для резки жести	шт	0	24	24	2026-01-14 16:50:15.921766	2026-01-14 16:50:15.921766
135	10	Клещи для снятия изоляции	IN014	Стриппер для проводов	шт	0	24	24	2026-01-14 16:50:15.921766	2026-01-14 16:50:15.921766
136	10	Гравер электрический набор	IN015	Мини-дрель с насадками	набор	0	24	24	2026-01-14 16:50:15.921766	2026-01-14 16:50:15.921766
549	24	Кондиционер сплит-система 9000 BTU	HVAC004	Настенная система	комплект	0	24	24	2026-01-14 17:01:25.806664	2026-01-14 17:01:25.806664
550	24	Клапан приточный оконный	HVAC005	Приточная вентиляция	шт	0	24	24	2026-01-14 17:01:25.806664	2026-01-14 17:01:25.806664
551	24	Вентилятор канальный 150 мм	HVAC006	Для систем вентиляции	шт	0	24	24	2026-01-14 17:01:25.806664	2026-01-14 17:01:25.806664
552	24	Хомут для воздуховода	HVAC007	Крепеж для вентиляции	шт	0	24	24	2026-01-14 17:01:25.806664	2026-01-14 17:01:25.806664
553	24	Фильтр угольный для вытяжки	HVAC008	Сменный фильтр	шт	0	24	24	2026-01-14 17:01:25.806664	2026-01-14 17:01:25.806664
554	24	Отвод воздуховода 90°	HVAC009	Поворотный элемент	шт	0	24	24	2026-01-14 17:01:25.806664	2026-01-14 17:01:25.806664
555	24	Теплообменник рекуператор	HVAC010	Система рекуперации тепла	шт	0	24	24	2026-01-14 17:01:25.806664	2026-01-14 17:01:25.806664
556	24	Заглушка для воздуховода	HVAC011	Заглушка торцевая	шт	0	24	24	2026-01-14 17:01:25.806664	2026-01-14 17:01:25.806664
557	24	Кронштейн для кондиционера	HVAC012	Крепление наружного блока	комплект	0	24	24	2026-01-14 17:01:25.806664	2026-01-14 17:01:25.806664
558	25	Стеллаж металлический 5 полок	ST001	Сборный стеллаж для гаража	шт	0	24	24	2026-01-14 17:01:25.806664	2026-01-14 17:01:25.806664
559	25	Полка настенная 600х300 мм	ST002	Регулируемая полка	шт	0	24	24	2026-01-14 17:01:25.806664	2026-01-14 17:01:25.806664
560	25	Кронштейн для полки 300 мм	ST003	Угловой кронштейн	шт	0	24	24	2026-01-14 17:01:25.806664	2026-01-14 17:01:25.806664
561	25	Система хранения в гардероб	ST004	Комплект штанг и полок	комплект	0	24	24	2026-01-14 17:01:25.806664	2026-01-14 17:01:25.806664
562	25	Вешалка настенная	ST005	Для верхней одежды	шт	0	24	24	2026-01-14 17:01:25.806664	2026-01-14 17:01:25.806664
563	25	Ящик пластиковый 60л	ST006	Складской контейнер	шт	0	24	24	2026-01-14 17:01:25.806664	2026-01-14 17:01:25.806664
564	25	Крючок настенный 5 шт	ST007	Набор крючков	набор	0	24	24	2026-01-14 17:01:25.806664	2026-01-14 17:01:25.806664
565	25	Антресоль настенная	ST008	Верхняя полка для хранения	шт	0	24	24	2026-01-14 17:01:25.806664	2026-01-14 17:01:25.806664
566	25	Сетка для хранения	ST009	Органайзер для мелочей	шт	0	24	24	2026-01-14 17:01:25.806664	2026-01-14 17:01:25.806664
567	25	Штанга для одежды 1 м	ST010	Выдвижная штанга	шт	0	24	24	2026-01-14 17:01:25.806664	2026-01-14 17:01:25.806664
568	26	Лопата штыковая из стали	GI001	Садово-строительная лопата	шт	0	24	24	2026-01-14 17:01:25.806664	2026-01-14 17:01:25.806664
569	26	Грабли веерные 20 зубьев	GI002	Для уборки листьев	шт	0	24	24	2026-01-14 17:01:25.806664	2026-01-14 17:01:25.806664
570	26	Вилы садовые 4 зубца	GI003	Для перекопки почвы	шт	0	24	24	2026-01-14 17:01:25.806664	2026-01-14 17:01:25.806664
571	26	Тачка строительная 80 л	GI004	Садовая тачка	шт	0	24	24	2026-01-14 17:01:25.806664	2026-01-14 17:01:25.806664
572	26	Шланг поливочный 1/2" 20 м	GI005	Полипропиленовый шланг	шт	0	24	24	2026-01-14 17:01:25.806664	2026-01-14 17:01:25.806664
573	26	Опрыскиватель ручной 2 л	GI006	Садовый распылитель	шт	0	24	24	2026-01-14 17:01:25.806664	2026-01-14 17:01:25.806664
574	26	Перчатки садовые	GI007	Прорезиненные перчатки	пара	0	24	24	2026-01-14 17:01:25.806664	2026-01-14 17:01:25.806664
575	26	Секатор садовый	GI008	Для обрезки веток	шт	0	24	24	2026-01-14 17:01:25.806664	2026-01-14 17:01:25.806664
576	26	Коса ручная	GI009	Для скашивания травы	шт	0	24	24	2026-01-14 17:01:25.806664	2026-01-14 17:01:25.806664
577	26	Лейка пластмассовая 10 л	GI010	Садовая лейка	шт	0	24	24	2026-01-14 17:01:25.806664	2026-01-14 17:01:25.806664
578	26	Ножницы для травы	GI011	Кусторез ручной	шт	0	24	24	2026-01-14 17:01:25.806664	2026-01-14 17:01:25.806664
579	26	Рыхлитель почвы	GI012	Ручной культиватор	шт	0	24	24	2026-01-14 17:01:25.806664	2026-01-14 17:01:25.806664
580	27	Скамейка садовая деревянная	GF001	Садовые лавочки	шт	0	24	24	2026-01-14 17:01:25.806664	2026-01-14 17:01:25.806664
581	27	Стол садовый пластиковый	GF002	Складной стол	шт	0	24	24	2026-01-14 17:01:25.806664	2026-01-14 17:01:25.806664
582	27	Качели садовые	GF003	Подвесные качели	шт	0	24	24	2026-01-14 17:01:25.806664	2026-01-14 17:01:25.806664
583	27	Беседка садовая 3x3 м	GF004	Металлическая беседка	шт	0	24	24	2026-01-14 17:01:25.806664	2026-01-14 17:01:25.806664
584	27	Вазон для цветов 50 л	GF005	Декоративный горшок	шт	0	24	24	2026-01-14 17:01:25.806664	2026-01-14 17:01:25.806664
585	27	Фонарь садовый на солнечных батареях	GF006	Автономное освещение	шт	0	24	24	2026-01-14 17:01:25.806664	2026-01-14 17:01:25.806664
586	27	Гриль садовый	GF007	Угольный гриль	шт	0	24	24	2026-01-14 17:01:25.806664	2026-01-14 17:01:25.806664
587	27	Гамак садовый	GF008	Подвесной гамак	шт	0	24	24	2026-01-14 17:01:25.806664	2026-01-14 17:01:25.806664
588	27	Фигурка садовая гном	GF009	Декоративная фигурка	шт	0	24	24	2026-01-14 17:01:25.806664	2026-01-14 17:01:25.806664
589	27	Шезлонг садовый	GF010	Раскладное кресло	шт	0	24	24	2026-01-14 17:01:25.806664	2026-01-14 17:01:25.806664
590	28	Кисть флейцевая 100 мм	PT001	Плоская кисть для красок	шт	0	24	24	2026-01-14 17:01:25.806664	2026-01-14 17:01:25.806664
591	28	Валик малярный 250 мм	PT002	Ворсовый валик	шт	0	24	24	2026-01-14 17:01:25.806664	2026-01-14 17:01:25.806664
592	28	Ванночка для валика	PT003	Кювета малярная	шт	0	24	24	2026-01-14 17:01:25.806664	2026-01-14 17:01:25.806664
593	28	Краскопульт электрический	PT004	Распылитель для краски	шт	0	24	24	2026-01-14 17:01:25.806664	2026-01-14 17:01:25.806664
594	28	Кисть круглая №4	PT005	Для тонких работ	шт	0	24	24	2026-01-14 17:01:25.806664	2026-01-14 17:01:25.806664
595	28	Шпатель малярный 100 мм	PT006	Гибкий шпатель	шт	0	24	24	2026-01-14 17:01:25.806664	2026-01-14 17:01:25.806664
596	28	Миксер для красок	PT007	Насадка на дрель	шт	0	24	24	2026-01-14 17:01:25.806664	2026-01-14 17:01:25.806664
597	28	Скотч малярный 50 мм	PT008	Бумажный скотч	рулон	0	24	24	2026-01-14 17:01:25.806664	2026-01-14 17:01:25.806664
598	28	Пленка защитная 3х10 м	PT009	Для укрывания поверхностей	рулон	0	24	24	2026-01-14 17:01:25.806664	2026-01-14 17:01:25.806664
599	28	Перчатки малярные 100 шт	PT010	Одноразовые перчатки	уп	0	24	24	2026-01-14 17:01:25.806664	2026-01-14 17:01:25.806664
600	29	Каска строительная	PPE001	Защитная каска	шт	0	24	24	2026-01-14 17:01:25.806664	2026-01-14 17:01:25.806664
601	29	Очки защитные	PPE002	Прозрачные защитные очки	шт	0	24	24	2026-01-14 17:01:25.806664	2026-01-14 17:01:25.806664
602	29	Респиратор противопылевой	PPE003	Маска-респиратор	шт	0	24	24	2026-01-14 17:01:25.806664	2026-01-14 17:01:25.806664
603	29	Перчатки защитные	PPE004	Хлопчатобумажные перчатки	пара	0	24	24	2026-01-14 17:01:25.806664	2026-01-14 17:01:25.806664
604	29	Жилет сигнальный	PPE005	Светоотражающий жилет	шт	0	24	24	2026-01-14 17:01:25.806664	2026-01-14 17:01:25.806664
605	29	Наушники противошумные	PPE006	Защита от шума	шт	0	24	24	2026-01-14 17:01:25.806664	2026-01-14 17:01:25.806664
606	29	Обувь защитная	PPE007	Металлический носок	пара	0	24	24	2026-01-14 17:01:25.806664	2026-01-14 17:01:25.806664
607	29	Комбинезон рабочий	PPE008	Защитный костюм	шт	0	24	24	2026-01-14 17:01:25.806664	2026-01-14 17:01:25.806664
608	29	Пояс монтажный	PPE009	Страховочный пояс	шт	0	24	24	2026-01-14 17:01:25.806664	2026-01-14 17:01:25.806664
609	29	Маска сварщика	PPE010	Защитная маска	шт	0	24	24	2026-01-14 17:01:25.806664	2026-01-14 17:01:25.806664
610	29	Аптечка первой помощи	PPE011	Комплект медикаментов	набор	0	24	24	2026-01-14 17:01:25.806664	2026-01-14 17:01:25.806664
611	29	Огнетушитель 5 кг	PPE012	Порошковый огнетушитель	шт	0	24	24	2026-01-14 17:01:25.806664	2026-01-14 17:01:25.806664
612	30	Рулетка 10 м	2MI001	Измерительная лента	шт	0	24	24	2026-01-14 17:01:25.806664	2026-01-14 17:01:25.806664
613	30	Уровень пузырьковый 120 см	2MI002	Алюминиевый уровень	шт	0	24	24	2026-01-14 17:01:25.806664	2026-01-14 17:01:25.806664
614	30	Лазерный нивелир	2MI003	Построитель плоскостей	шт	0	24	24	2026-01-14 17:01:25.806664	2026-01-14 17:01:25.806664
615	30	Угольник строительный 30 см	2MI004	Металлический угольник	шт	0	24	24	2026-01-14 17:01:25.806664	2026-01-14 17:01:25.806664
616	30	Дальномер лазерный 50 м	2MI005	Электронный дальномер	шт	0	24	24	2026-01-14 17:01:25.806664	2026-01-14 17:01:25.806664
617	30	Отвес строительный 200 г	2MI006	Шнуровой отвес	шт	0	24	24	2026-01-14 17:01:25.806664	2026-01-14 17:01:25.806664
618	30	Угломер цифровой	2MI007	Электронный угломер	шт	0	24	24	2026-01-14 17:01:25.806664	2026-01-14 17:01:25.806664
619	30	Линейка складная 1 м	2MI008	Метровая линейка	шт	0	24	24	2026-01-14 17:01:25.806664	2026-01-14 17:01:25.806664
620	30	Штангенциркуль 150 мм	2MI009	Измерительный инструмент	шт	0	24	24	2026-01-14 17:01:25.806664	2026-01-14 17:01:25.806664
621	30	Мерная лента 50 м	2MI010	Стальная измерительная лента	шт	0	24	24	2026-01-14 17:01:25.806664	2026-01-14 17:01:25.806664
622	30	Уровень водяной 10 м	2MI011	Гидравлический уровень	комплект	0	24	24	2026-01-14 17:01:25.806664	2026-01-14 17:01:25.806664
623	30	Трассоискатель	2MI012	Поиск скрытых коммуникаций	шт	0	24	24	2026-01-14 17:01:25.806664	2026-01-14 17:01:25.806664
624	31	Сварочный аппарат инверторный 200А	WE001	Дуговой сварочный аппарат	шт	0	24	24	2026-01-14 17:01:25.806664	2026-01-14 17:01:25.806664
625	31	Маска сварочная хамелеон	WE002	Автоматическая маска	шт	0	24	24	2026-01-14 17:01:25.806664	2026-01-14 17:01:25.806664
626	31	Электроды 3 мм 5 кг	WE003	Сварочные электроды	пачка	0	24	24	2026-01-14 17:01:25.806664	2026-01-14 17:01:25.806664
627	31	Проволока сварочная 1 кг	WE004	Для полуавтомата	катушка	0	24	24	2026-01-14 17:01:25.806664	2026-01-14 17:01:25.806664
628	31	Краги сварочные	WE005	Защитные перчатки	пара	0	24	24	2026-01-14 17:01:25.806664	2026-01-14 17:01:25.806664
629	31	Баллон газовый 10 л	WE006	Для аргоновой сварки	шт	0	24	24	2026-01-14 17:01:25.806664	2026-01-14 17:01:25.806664
630	31	Резак пропановый	WE007	Газовый резак	шт	0	24	24	2026-01-14 17:01:25.806664	2026-01-14 17:01:25.806664
631	31	Щетка по металлу	WE008	Для зачистки швов	шт	0	24	24	2026-01-14 17:01:25.806664	2026-01-14 17:01:25.806664
632	31	Молоток сварочный	WE009	Для отбивания шлака	шт	0	24	24	2026-01-14 17:01:25.806664	2026-01-14 17:01:25.806664
633	31	Клемма заземления	WE010	Заземляющий зажим	шт	0	24	24	2026-01-14 17:01:25.806664	2026-01-14 17:01:25.806664
634	32	Компрессор 100 л 2,2 кВт	PA001	Поршневой компрессор	шт	0	24	24	2026-01-14 17:01:25.806664	2026-01-14 17:01:25.806664
635	32	Пистолет для подкачки шин	PA002	Шинный манометр	шт	0	24	24	2026-01-14 17:01:25.806664	2026-01-14 17:01:25.806664
720	40	Зонт пляжный 3 м	SS007	Пляжный зонт	шт	0	24	24	2026-01-14 17:01:25.806664	2026-01-14 17:01:25.806664
636	32	Гайковерт пневматический	PA003	Ударный гайковерт	шт	0	24	24	2026-01-14 17:01:25.806664	2026-01-14 17:01:25.806664
637	32	Краскопульт пневматический	PA004	Распылитель для краски	шт	0	24	24	2026-01-14 17:01:25.806664	2026-01-14 17:01:25.806664
638	32	Шлифмашина пневматическая	PA005	Орбитальная шлифмашина	шт	0	24	24	2026-01-14 17:01:25.806664	2026-01-14 17:01:25.806664
639	32	Шланг пневматический 10 м	PA006	Воздушный шланг	шт	0	24	24	2026-01-14 17:01:25.806664	2026-01-14 17:01:25.806664
640	32	Масло для компрессора	PA007	Специальное масло	л	0	24	24	2026-01-14 17:01:25.806664	2026-01-14 17:01:25.806664
641	32	Фильтр-влагоотделитель	PA008	Очистка воздуха	шт	0	24	24	2026-01-14 17:01:25.806664	2026-01-14 17:01:25.806664
642	32	Пистолет для продувки	PA009	Очистка от пыли	шт	0	24	24	2026-01-14 17:01:25.806664	2026-01-14 17:01:25.806664
643	32	Регулятор давления	PA010	Редуктор давления	шт	0	24	24	2026-01-14 17:01:25.806664	2026-01-14 17:01:25.806664
644	33	Обогреватель масляный 1,5 кВт	CT001	Радиаторный обогреватель	шт	0	24	24	2026-01-14 17:01:25.806664	2026-01-14 17:01:25.806664
645	33	Тепловая пушка 3 кВт	CT002	Электрический тепловентилятор	шт	0	24	24	2026-01-14 17:01:25.806664	2026-01-14 17:01:25.806664
646	33	Конвектор настенный 2 кВт	CT003	Электрический конвектор	шт	0	24	24	2026-01-14 17:01:25.806664	2026-01-14 17:01:25.806664
647	33	Увлажнитель воздуха	CT004	Ультразвуковой увлажнитель	шт	0	24	24	2026-01-14 17:01:25.806664	2026-01-14 17:01:25.806664
648	33	Осушитель воздуха	CT005	Для бассейнов и подвалов	шт	0	24	24	2026-01-14 17:01:25.806664	2026-01-14 17:01:25.806664
649	33	Вентилятор напольный	CT006	Бытовой вентилятор	шт	0	24	24	2026-01-14 17:01:25.806664	2026-01-14 17:01:25.806664
650	33	ИК обогреватель 800 Вт	CT007	Инфракрасный обогреватель	шт	0	24	24	2026-01-14 17:01:25.806664	2026-01-14 17:01:25.806664
651	33	Теплый пол электрический 10 м²	CT008	Нагревательный мат	комплект	0	24	24	2026-01-14 17:01:25.806664	2026-01-14 17:01:25.806664
652	33	Терморегулятор программируемый	CT009	Для системы теплый пол	шт	0	24	24	2026-01-14 17:01:25.806664	2026-01-14 17:01:25.806664
653	33	Очиститель воздуха	CT010	С HEPA фильтром	шт	0	24	24	2026-01-14 17:01:25.806664	2026-01-14 17:01:25.806664
654	34	Счетчик воды холодной	MI001	Крыльчатый счетчик	шт	0	24	24	2026-01-14 17:01:25.806664	2026-01-14 17:01:25.806664
655	34	Счетчик электроэнергии	MI002	Однофазный счетчик	шт	0	24	24	2026-01-14 17:01:25.806664	2026-01-14 17:01:25.806664
656	34	Манометр 0-10 бар	MI003	Измеритель давления	шт	0	24	24	2026-01-14 17:01:25.806664	2026-01-14 17:01:25.806664
657	34	Термометр комнатный	MI004	Настенный термометр	шт	0	24	24	2026-01-14 17:01:25.806664	2026-01-14 17:01:25.806664
658	34	Термометр уличный	MI005	Наружный термометр	шт	0	24	24	2026-01-14 17:01:25.806664	2026-01-14 17:01:25.806664
659	34	Счетчик газа бытовой	MI006	Для учета расхода газа	шт	0	24	24	2026-01-14 17:01:25.806664	2026-01-14 17:01:25.806664
660	34	Барометр анероид	MI007	Измеритель атмосферного давления	шт	0	24	24	2026-01-14 17:01:25.806664	2026-01-14 17:01:25.806664
661	34	Гигрометр комнатный	MI008	Измеритель влажности	шт	0	24	24	2026-01-14 17:01:25.806664	2026-01-14 17:01:25.806664
662	34	Таймер электронный	MI009	Программируемый таймер	шт	0	24	24	2026-01-14 17:01:25.806664	2026-01-14 17:01:25.806664
663	34	Реле напряжения	MI010	Защита от скачков напряжения	шт	0	24	24	2026-01-14 17:01:25.806664	2026-01-14 17:01:25.806664
664	35	Реле времени	AS001	Таймер включения/выключения	шт	0	24	24	2026-01-14 17:01:25.806664	2026-01-14 17:01:25.806664
665	35	Датчик движения	AS002	Инфракрасный датчик	шт	0	24	24	2026-01-14 17:01:25.806664	2026-01-14 17:01:25.806664
248	11	Дрель-шуруповерт аккумуляторная 18В	EIO001	Беспроводная дрель с 2 аккумуляторами	шт	0	24	24	2026-01-14 16:56:20.499819	2026-01-14 16:56:20.499819
249	11	Перфоратор SDS-plus 800 Вт	EIO002	Ударный перфоратор для бетона	шт	0	24	24	2026-01-14 16:56:20.499819	2026-01-14 16:56:20.499819
250	11	Болгарка 125 мм 1100 Вт	EIO003	Угловая шлифмашина	шт	0	24	24	2026-01-14 16:56:20.499819	2026-01-14 16:56:20.499819
251	11	Циркулярная пила 1900 Вт	EIO004	Ручная дисковая пила	шт	0	24	24	2026-01-14 16:56:20.499819	2026-01-14 16:56:20.499819
252	11	Лобзик электрический 700 Вт	EIO005	Электролобзик с маятниковым ходом	шт	0	24	24	2026-01-14 16:56:20.499819	2026-01-14 16:56:20.499819
253	11	Шлифмашина вибрационная 250 Вт	EIO006	Плоская шлифмашина для стен	шт	0	24	24	2026-01-14 16:56:20.499819	2026-01-14 16:56:20.499819
254	11	Фрезер ручной 1200 Вт	EIO007	Фрезер для работы по дереву	шт	0	24	24	2026-01-14 16:56:20.499819	2026-01-14 16:56:20.499819
255	11	Торцовочная пила 210 мм	EIO008	Пила для точных угловых резов	шт	0	24	24	2026-01-14 16:56:20.499819	2026-01-14 16:56:20.499819
256	11	Компрессор 50 л 1,5 кВт	EIO009	Поршневой компрессор	шт	0	24	24	2026-01-14 16:56:20.499819	2026-01-14 16:56:20.499819
257	11	Генератор бензиновый 3 кВт	EIO010	Резервный источник питания	шт	0	24	24	2026-01-14 16:56:20.499819	2026-01-14 16:56:20.499819
258	11	Пистолет краскопульт 600 Вт	EIO011	Электрический краскопульт	шт	0	24	24	2026-01-14 16:56:20.499819	2026-01-14 16:56:20.499819
259	11	Рубанок электрический 850 Вт	EIO012	Строгальный станок	шт	0	24	24	2026-01-14 16:56:20.499819	2026-01-14 16:56:20.499819
260	11	Тепловая пушка 3 кВт	EIO013	Электрический тепловентилятор	шт	0	24	24	2026-01-14 16:56:20.499819	2026-01-14 16:56:20.499819
261	11	Шуруповерт аккумуляторный 12В	EIO014	Компактный шуруповерт	шт	0	24	24	2026-01-14 16:56:20.499819	2026-01-14 16:56:20.499819
262	11	Набор оснастки 100 предметов	EIO015	Диски, сверла, биты	набор	0	24	24	2026-01-14 16:56:20.499819	2026-01-14 16:56:20.499819
263	12	Окно ПВХ 1200х1200 мм белое	ODS001	Глухое пластиковое окно	шт	0	24	24	2026-01-14 16:56:20.499819	2026-01-14 16:56:20.499819
264	12	Дверь входная металлическая	ODS002	Усиленная дверь с замком	шт	0	24	24	2026-01-14 16:56:20.499819	2026-01-14 16:56:20.499819
666	35	Контроллер температуры	AS003	Терморегулятор	шт	0	24	24	2026-01-14 17:01:25.806664	2026-01-14 17:01:25.806664
667	35	Привод для ворот	AS004	Автоматика для распашных ворот	шт	0	24	24	2026-01-14 17:01:25.806664	2026-01-14 17:01:25.806664
265	12	Дверь межкомнатная филенчатая	ODS003	Деревянная дверь с стеклом	шт	0	24	24	2026-01-14 16:56:20.499819	2026-01-14 16:56:20.499819
266	12	Стекло 4 мм 1500х2000 мм	ODS004	Полированное оконное стекло	лист	0	24	24	2026-01-14 16:56:20.499819	2026-01-14 16:56:20.499819
267	12	Зеркало 600х800 мм	ODS005	Настенное зеркало	шт	0	24	24	2026-01-14 16:56:20.499819	2026-01-14 16:56:20.499819
268	12	Ручка оконная белая	ODS006	Фурнитура для ПВХ окон	шт	0	24	24	2026-01-14 16:56:20.499819	2026-01-14 16:56:20.499819
269	12	Петли дверные 100 мм 2 шт	ODS007	Накладные петли	комплект	0	24	24	2026-01-14 16:56:20.499819	2026-01-14 16:56:20.499819
270	12	Замок врезной сувальдный	ODS008	Дверной замок с ключами	шт	0	24	24	2026-01-14 16:56:20.499819	2026-01-14 16:56:20.499819
271	12	Подоконник ПВХ 3000х300 мм	ODS009	Пластиковый подоконник	шт	0	24	24	2026-01-14 16:56:20.499819	2026-01-14 16:56:20.499819
272	12	Москитная сетка 1200х1500 мм	ODS010	Сетка от насекомых	шт	0	24	24	2026-01-14 16:56:20.499819	2026-01-14 16:56:20.499819
273	12	Отлив оконный 2000 мм	ODS011	Металлический отлив	шт	0	24	24	2026-01-14 16:56:20.499819	2026-01-14 16:56:20.499819
274	12	Уплотнитель для окон 10 м	ODS012	Резиновый уплотнитель	уп	0	24	24	2026-01-14 16:56:20.499819	2026-01-14 16:56:20.499819
275	13	Доска обрезная 25х150х6000 мм	PD001	Сосновая доска естественной влажности	м³	0	24	24	2026-01-14 16:56:20.499819	2026-01-14 16:56:20.499819
276	13	Брус 100х100х6000 мм	PD002	Строительный брус	шт	0	24	24	2026-01-14 16:56:20.499819	2026-01-14 16:56:20.499819
277	13	Вагонка сосновая 12,5х96 мм	PD003	Отделочная доска с пазом	м²	0	24	24	2026-01-14 16:56:20.499819	2026-01-14 16:56:20.499819
278	13	Фанера ФК 1525х1525х10 мм	PD004	Березовая фанера 4 сорта	лист	0	24	24	2026-01-14 16:56:20.499819	2026-01-14 16:56:20.499819
279	13	OSB-3 2500х1250х9 мм	PD005	Ориентированно-стружечная плита	лист	0	24	24	2026-01-14 16:56:20.499819	2026-01-14 16:56:20.499819
280	13	Блок-хаус 20х140 мм	PD006	Имитация бревна для отделки	м²	0	24	24	2026-01-14 16:56:20.499819	2026-01-14 16:56:20.499819
281	13	Имитация бруса 20х140 мм	PD007	Отделочная доска с шипом	м²	0	24	24	2026-01-14 16:56:20.499819	2026-01-14 16:56:20.499819
282	13	Террасная доска 28х140 мм	PD008	ДПК доска для улицы	м²	0	24	24	2026-01-14 16:56:20.499819	2026-01-14 16:56:20.499819
283	13	Плинтус деревянный 60 мм	PD009	Плинтус из массива сосны	м	0	24	24	2026-01-14 16:56:20.499819	2026-01-14 16:56:20.499819
284	13	Нагель деревянный 25х250 мм	PD010	Деревянный штырь для бруса	шт	0	24	24	2026-01-14 16:56:20.499819	2026-01-14 16:56:20.499819
285	13	Уголок деревянный 50х50 мм	PD011	Декоративный уголок	м	0	24	24	2026-01-14 16:56:20.499819	2026-01-14 16:56:20.499819
286	13	Лестничный косоур 50х300 мм	PD012	Несущий элемент лестницы	шт	0	24	24	2026-01-14 16:56:20.499819	2026-01-14 16:56:20.499819
287	13	Щит мебельный 18х600х2400 мм	PD013	Ламинированная ДСП	лист	0	24	24	2026-01-14 16:56:20.499819	2026-01-14 16:56:20.499819
288	13	Рейка обрешетки 25х50 мм	PD014	Брусок для обрешетки	м	0	24	24	2026-01-14 16:56:20.499819	2026-01-14 16:56:20.499819
289	13	Подставка для цветов деревянная	PD015	Декоративная этажерка	шт	0	24	24	2026-01-14 16:56:20.499819	2026-01-14 16:56:20.499819
290	14	Утеплитель минеральная вата 100 мм	IM001	Теплоизоляция для стен	уп	0	24	24	2026-01-14 16:56:20.499819	2026-01-14 16:56:20.499819
291	14	Пенополистирол 50 мм 1 м²	IM002	Плиты ППС для утепления	лист	0	24	24	2026-01-14 16:56:20.499819	2026-01-14 16:56:20.499819
292	14	Пенофол фольгированный 3 мм	IM003	Теплоотражающая изоляция	рулон	0	24	24	2026-01-14 16:56:20.499819	2026-01-14 16:56:20.499819
293	14	Пленка пароизоляционная 75 м²	IM004	Защита от влаги и пара	рулон	0	24	24	2026-01-14 16:56:20.499819	2026-01-14 16:56:20.499819
294	14	Мембрана диффузионная 50 м²	IM005	Ветро-влагозащита для кровли	рулон	0	24	24	2026-01-14 16:56:20.499819	2026-01-14 16:56:20.499819
295	14	Скотч алюминиевый 50 мм 25 м	IM006	Лента для соединения изоляции	рулон	0	24	24	2026-01-14 16:56:20.499819	2026-01-14 16:56:20.499819
296	14	Пенополиуретан монтажный 750 мл	IM007	Монтажная пена профессиональная	баллон	0	24	24	2026-01-14 16:56:20.499819	2026-01-14 16:56:20.499819
297	14	Лента уплотнительная для окон	IM008	Самоклеющаяся лента	уп	0	24	24	2026-01-14 16:56:20.499819	2026-01-14 16:56:20.499819
298	14	Пробка листовая 10 мм	IM009	Натуральная пробковая изоляция	м²	0	24	24	2026-01-14 16:56:20.499819	2026-01-14 16:56:20.499819
299	14	Войлок строительный 10 мм	IM010	Межвенцовый утеплитель	рулон	0	24	24	2026-01-14 16:56:20.499819	2026-01-14 16:56:20.499819
300	14	Звукоизоляция 12 мм	IM011	Панели для шумоизоляции стен	м²	0	24	24	2026-01-14 16:56:20.499819	2026-01-14 16:56:20.499819
301	14	Керамзит 20-40 мм 0,05 м³	IM012	Насыпной утеплитель	мешок	0	24	24	2026-01-14 16:56:20.499819	2026-01-14 16:56:20.499819
302	15	Саморез по дереву 3,5х35 мм	2KM001	Оцинкованный саморез 100 шт	уп	0	24	24	2026-01-14 16:56:20.499819	2026-01-14 16:56:20.499819
303	15	Дюбель распорный 6х40 мм	2KM002	Пластиковый дюбель 100 шт	уп	0	24	24	2026-01-14 16:56:20.499819	2026-01-14 16:56:20.499819
304	15	Анкер химический 10х100 мм	2KM003	Двухкомпонентная химическая анкеровка	шт	0	24	24	2026-01-14 16:56:20.499819	2026-01-14 16:56:20.499819
305	15	Гвоздь строительный 100 мм	2KM004	Стальной гвоздь 1 кг	кг	0	24	24	2026-01-14 16:56:20.499819	2026-01-14 16:56:20.499819
306	15	Шуруп по металлу 4,2х19 мм	2KM005	Саморез с буром 200 шт	уп	0	24	24	2026-01-14 16:56:20.499819	2026-01-14 16:56:20.499819
307	15	Болт М10х60 мм с гайкой	2KM006	Метрический болт 10 шт	комплект	0	24	24	2026-01-14 16:56:20.499819	2026-01-14 16:56:20.499819
308	15	Шайба плоская 10 мм	2KM007	Стальная шайба 50 шт	уп	0	24	24	2026-01-14 16:56:20.499819	2026-01-14 16:56:20.499819
309	15	Гайка шестигранная М8	2KM008	Оцинкованная гайка 100 шт	уп	0	24	24	2026-01-14 16:56:20.499819	2026-01-14 16:56:20.499819
310	15	Заклепка алюминиевая 4х10 мм	2KM009	Вытяжные заклепки 100 шт	уп	0	24	24	2026-01-14 16:56:20.499819	2026-01-14 16:56:20.499819
311	15	Шпилька резьбовая М10х1000 мм	2KM010	Стальная шпилька с резьбой	шт	0	24	24	2026-01-14 16:56:20.499819	2026-01-14 16:56:20.499819
312	15	Кронштейн для полки 200 мм	2KM011	Угловой кронштейн 2 шт	комплект	0	24	24	2026-01-14 16:56:20.499819	2026-01-14 16:56:20.499819
313	15	Перфолента оцинкованная 20х0,7 мм	2KM012	Монтажная лента 10 м	рулон	0	24	24	2026-01-14 16:56:20.499819	2026-01-14 16:56:20.499819
314	15	Скоба строительная 6 мм	2KM013	Скоба для степлера 1000 шт	уп	0	24	24	2026-01-14 16:56:20.499819	2026-01-14 16:56:20.499819
315	15	Хомут червячный 20-32 мм	2KM014	Нейлоновый хомут 100 шт	уп	0	24	24	2026-01-14 16:56:20.499819	2026-01-14 16:56:20.499819
316	15	Уголок стальной 50х50 мм	2KM015	Крепежный уголок 10 шт	уп	0	24	24	2026-01-14 16:56:20.499819	2026-01-14 16:56:20.499819
317	16	Сайдинг виниловый белый 3,66 м	FM001	Наружная облицовка	шт	0	24	24	2026-01-14 16:56:20.499819	2026-01-14 16:56:20.499819
318	16	Фасадная панель под камень	FM002	ПВХ панель для цоколя	м²	0	24	24	2026-01-14 16:56:20.499819	2026-01-14 16:56:20.499819
319	16	Штукатурка короед 25 кг	FM003	Фактурная штукатурка для фасада	мешок	0	24	24	2026-01-14 16:56:20.499819	2026-01-14 16:56:20.499819
320	16	Декоративный элемент фасадный	FM004	Полиуретановый карниз	м	0	24	24	2026-01-14 16:56:20.499819	2026-01-14 16:56:20.499819
321	16	Кронштейн для вентилируемого фасада	FM005	Оцинкованный кронштейн	шт	0	24	24	2026-01-14 16:56:20.499819	2026-01-14 16:56:20.499819
322	16	Термопанель с клинкерной плиткой	FM006	Утепленная фасадная панель	м²	0	24	24	2026-01-14 16:56:20.499819	2026-01-14 16:56:20.499819
323	16	Молдинг фасадный 100 мм	FM007	Декоративная планка	м	0	24	24	2026-01-14 16:56:20.499819	2026-01-14 16:56:20.499819
324	16	Краска для фасада 15 кг	FM008	Силиконовая краска	ведро	0	24	24	2026-01-14 16:56:20.499819	2026-01-14 16:56:20.499819
325	16	Грунтовка для фасада 10 л	FM009	Акриловая грунтовка	канистра	0	24	24	2026-01-14 16:56:20.499819	2026-01-14 16:56:20.499819
326	16	Сетка фасадная армирующая	FM010	Стеклосетка 160 г/м²	рулон	0	24	24	2026-01-14 16:56:20.499819	2026-01-14 16:56:20.499819
327	16	Дюбель для теплоизоляции 100 мм	FM011	Тарельчатый дюбель 100 шт	уп	0	24	24	2026-01-14 16:56:20.499819	2026-01-14 16:56:20.499819
328	16	Уголок фасадный арочный	FM012	Декоративный угол для арок	шт	0	24	24	2026-01-14 16:56:20.499819	2026-01-14 16:56:20.499819
329	17	Лестница деревянная прямая	LS001	Готовая лестница на второй этаж	комплект	0	24	24	2026-01-14 16:56:20.499819	2026-01-14 16:56:20.499819
330	17	Ступень деревянная 1000х300 мм	LS002	Дубовая ступень	шт	0	24	24	2026-01-14 16:56:20.499819	2026-01-14 16:56:20.499819
331	17	Балясина деревянная 900 мм	LS003	Точеная стойка для перил	шт	0	24	24	2026-01-14 16:56:20.499819	2026-01-14 16:56:20.499819
332	17	Поручень сосновый 60х60 мм	LS004	Перила для лестницы	м	0	24	24	2026-01-14 16:56:20.499819	2026-01-14 16:56:20.499819
333	17	Кронштейн для лестницы	LS005	Стальной крепеж	шт	0	24	24	2026-01-14 16:56:20.499819	2026-01-14 16:56:20.499819
334	17	Подступенок 1000х200 мм	LS006	Вертикальная часть ступени	шт	0	24	24	2026-01-14 16:56:20.499819	2026-01-14 16:56:20.499819
335	17	Лестница алюминиевая 10 ступеней	LS007	Раздвижная стремянка	шт	0	24	24	2026-01-14 16:56:20.499819	2026-01-14 16:56:20.499819
336	17	Накладка на ступень противоскользящая	LS008	Резиновая накладка	м	0	24	24	2026-01-14 16:56:20.499819	2026-01-14 16:56:20.499819
337	17	Столб опорный 100х100 мм	LS009	Угловой столб для перил	шт	0	24	24	2026-01-14 16:56:20.499819	2026-01-14 16:56:20.499819
338	17	Коврик для лестницы 70х120 см	LS010	Ковровое покрытие	шт	0	24	24	2026-01-14 16:56:20.499819	2026-01-14 16:56:20.499819
339	18	Натяжной потолок глянцевый белый	PS001	ПВХ пленка для потолка	м²	0	24	24	2026-01-14 16:56:20.499819	2026-01-14 16:56:20.499819
340	18	Панель потолочная 600х600 мм	PS002	Плита типа Армстронг	шт	0	24	24	2026-01-14 16:56:20.499819	2026-01-14 16:56:20.499819
341	18	Реечный потолок алюминиевый	PS003	Подвесная система	м²	0	24	24	2026-01-14 16:56:20.499819	2026-01-14 16:56:20.499819
342	18	Профиль для ГКЛ 60х27 мм	PS004	Направляющий профиль	шт	0	24	24	2026-01-14 16:56:20.499819	2026-01-14 16:56:20.499819
343	18	Подвес прямой для профиля	PS005	Крепление для каркаса	шт	0	24	24	2026-01-14 16:56:20.499819	2026-01-14 16:56:20.499819
344	18	Уголок для ГКЛ перфорированный	PS006	Защитный уголок	м	0	24	24	2026-01-14 16:56:20.499819	2026-01-14 16:56:20.499819
345	18	Люк ревизионный 300х300 мм	PS007	Доступ в межпотолочное пространство	шт	0	24	24	2026-01-14 16:56:20.499819	2026-01-14 16:56:20.499819
346	18	Светильник для потолка Армстронг	PS008	Встраиваемый светильник	шт	0	24	24	2026-01-14 16:56:20.499819	2026-01-14 16:56:20.499819
347	18	Плинтус потолочный ПВХ 50 мм	PS009	Декоративный галтель	м	0	24	24	2026-01-14 16:56:20.499819	2026-01-14 16:56:20.499819
348	18	Профиль соединительный	PS010	Соединитель для профилей	шт	0	24	24	2026-01-14 16:56:20.499819	2026-01-14 16:56:20.499819
349	18	Крестовина для реечного потолка	PS011	Соединительный элемент	шт	0	24	24	2026-01-14 16:56:20.499819	2026-01-14 16:56:20.499819
350	18	Ткань для натяжного потолка	PS012	Тканевое полотно	м²	0	24	24	2026-01-14 16:56:20.499819	2026-01-14 16:56:20.499819
351	19	Панель МДФ 2,6 м дуб	SP001	Ламинированная стеновая панель	шт	0	24	24	2026-01-14 16:56:20.499819	2026-01-14 16:56:20.499819
352	19	Панель ПВХ 250 мм ваниль	SP002	Влагостойкая панель для ванной	шт	0	24	24	2026-01-14 16:56:20.499819	2026-01-14 16:56:20.499819
353	19	Рейка деревянная 20х80 мм	SP003	Декоративная рейка	м	0	24	24	2026-01-14 16:56:20.499819	2026-01-14 16:56:20.499819
354	19	Уголок для панелей ПВХ	SP004	Внутренний угол	м	0	24	24	2026-01-14 16:56:20.499819	2026-01-14 16:56:20.499819
355	19	Стартовая планка для панелей	SP005	Начальный профиль	м	0	24	24	2026-01-14 16:56:20.499819	2026-01-14 16:56:20.499819
356	19	Завершающая планка	SP006	Финишный профиль	м	0	24	24	2026-01-14 16:56:20.499819	2026-01-14 16:56:20.499819
357	19	Кляймер для панелей	SP007	Скрытый крепеж 100 шт	уп	0	24	24	2026-01-14 16:56:20.499819	2026-01-14 16:56:20.499819
358	19	Панель 3D гипсовая	SP008	Объемная декоративная панель	шт	0	24	24	2026-01-14 16:56:20.499819	2026-01-14 16:56:20.499819
359	19	Клей для панелей ПВХ	SP009	Специальный монтажный клей	туба	0	24	24	2026-01-14 16:56:20.499819	2026-01-14 16:56:20.499819
360	19	Панель акриловая зеркальная	SP010	Отражающая панель	м²	0	24	24	2026-01-14 16:56:20.499819	2026-01-14 16:56:20.499819
361	20	Гипсокартон 12,5 мм 1200х2500 мм	GK001	Стандартный лист ГКЛ	лист	0	24	24	2026-01-14 16:56:20.499819	2026-01-14 16:56:20.499819
362	20	Профиль потолочный 60х27 мм	GK002	Направляющий профиль	шт	0	24	24	2026-01-14 16:56:20.499819	2026-01-14 16:56:20.499819
363	20	Профиль стоечный 50х50 мм	GK003	Стоечный профиль	шт	0	24	24	2026-01-14 16:56:20.499819	2026-01-14 16:56:20.499819
364	20	Подвес прямой с зажимом	GK004	Крепление для профиля	шт	0	24	24	2026-01-14 16:56:20.499819	2026-01-14 16:56:20.499819
365	20	Саморез по металлу 3,5х25 мм	GK005	Саморез для гипсокартона 1000 шт	уп	0	24	24	2026-01-14 16:56:20.499819	2026-01-14 16:56:20.499819
366	20	Дюбель для профиля 6х40 мм	GK006	Быстрый монтаж 100 шт	уп	0	24	24	2026-01-14 16:56:20.499819	2026-01-14 16:56:20.499819
367	20	Лента армирующая 50 мм	GK007	Серпянка для швов	рулон	0	24	24	2026-01-14 16:56:20.499819	2026-01-14 16:56:20.499819
368	20	Шпаклевка для швов 25 кг	GK008	Финишная шпаклевка	мешок	0	24	24	2026-01-14 16:56:20.499819	2026-01-14 16:56:20.499819
369	20	Уголок арочный гибкий	GK009	Перфорированный уголок	м	0	24	24	2026-01-14 16:56:20.499819	2026-01-14 16:56:20.499819
370	20	Гипсокартон влагостойкий	GK010	ГКЛВ для ванных комнат	лист	0	24	24	2026-01-14 16:56:20.499819	2026-01-14 16:56:20.499819
371	20	Профиль угловой защитный	GK011	Уголок для наружных углов	м	0	24	24	2026-01-14 16:56:20.499819	2026-01-14 16:56:20.499819
372	20	Клей для гипсокартона	GK012	Монтажный клей	мешок	0	24	24	2026-01-14 16:56:20.499819	2026-01-14 16:56:20.499819
514	21	Монтажная пена 750 мл	PGK001	Полиуретановая пена профессиональная	баллон	0	24	24	2026-01-14 17:01:25.806664	2026-01-14 17:01:25.806664
515	21	Герметик силиконовый санитарный	PGK002	Влагостойкий для ванной комнаты	туба	0	24	24	2026-01-14 17:01:25.806664	2026-01-14 17:01:25.806664
516	21	Герметик акриловый 310 мл	PGK003	Для внутренних работ, окрашиваемый	туба	0	24	24	2026-01-14 17:01:25.806664	2026-01-14 17:01:25.806664
517	21	Клей Момент монтажный	PGK004	Универсальный клей-пистолет	туба	0	24	24	2026-01-14 17:01:25.806664	2026-01-14 17:01:25.806664
518	21	Клей для пенопласта	PGK005	Специальный клей для утеплителя	ведро	0	24	24	2026-01-14 17:01:25.806664	2026-01-14 17:01:25.806664
519	21	Пистолет для монтажной пены	PGK006	Профессиональный аппликатор	шт	0	24	24	2026-01-14 17:01:25.806664	2026-01-14 17:01:25.806664
520	21	Клей жидкие гвозди 400 мл	PGK007	Высокопрочный монтажный клей	туба	0	24	24	2026-01-14 17:01:25.806664	2026-01-14 17:01:25.806664
521	21	Герметик тиоколовый	PGK008	Для кровли и фундамента	ведро	0	24	24	2026-01-14 17:01:25.806664	2026-01-14 17:01:25.806664
522	21	Пена огнестойкая 500 мл	PGK009	Пена с огнезащитными свойствами	баллон	0	24	24	2026-01-14 17:01:25.806664	2026-01-14 17:01:25.806664
523	21	Клей ПВА строительный 5 кг	PGK010	Универсальный клей для дерева	ведро	0	24	24	2026-01-14 17:01:25.806664	2026-01-14 17:01:25.806664
524	21	Герметик для стекол	PGK011	Прозрачный для оконных рам	туба	0	24	24	2026-01-14 17:01:25.806664	2026-01-14 17:01:25.806664
525	21	Очиститель монтажной пены	PGK012	Растворитель для очистки инструмента	баллон	0	24	24	2026-01-14 17:01:25.806664	2026-01-14 17:01:25.806664
526	22	Грунтовка глубокого проникновения	CS001	Укрепляющая грунтовка для стен	л	0	24	24	2026-01-14 17:01:25.806664	2026-01-14 17:01:25.806664
527	22	Антисептик для древесины	CS002	Защита от грибка и плесени	л	0	24	24	2026-01-14 17:01:25.806664	2026-01-14 17:01:25.806664
528	22	Огнезащита для дерева	CS003	Огнебиозащитный состав	кг	0	24	24	2026-01-14 17:01:25.806664	2026-01-14 17:01:25.806664
529	22	Очиститель фасада	CS004	Для удаления высолов и загрязнений	л	0	24	24	2026-01-14 17:01:25.806664	2026-01-14 17:01:25.806664
530	22	Пропитка для бетона	CS005	Упрочняющая пропитка	л	0	24	24	2026-01-14 17:01:25.806664	2026-01-14 17:01:25.806664
531	22	Растворитель 646 1 л	CS006	Универсальный растворитель	баллон	0	24	24	2026-01-14 17:01:25.806664	2026-01-14 17:01:25.806664
532	22	Средство для удаления ржавчины	CS007	Химический преобразователь ржавчины	л	0	24	24	2026-01-14 17:01:25.806664	2026-01-14 17:01:25.806664
533	22	Гидрофобизатор для камня	CS008	Водоотталкивающая пропитка	л	0	24	24	2026-01-14 17:01:25.806664	2026-01-14 17:01:25.806664
534	22	Очиститель для инструмента	CS009	Средство для чистки после работ	баллон	0	24	24	2026-01-14 17:01:25.806664	2026-01-14 17:01:25.806664
535	22	Антискользящее покрытие	CS010	Напольное покрытие для безопасности	кг	0	24	24	2026-01-14 17:01:25.806664	2026-01-14 17:01:25.806664
536	23	Камин электрический с эффектом пламени	FP001	Декоративный камин с обогревом	шт	0	24	24	2026-01-14 17:01:25.806664	2026-01-14 17:01:25.806664
537	23	Печь для бани дровяная	FP002	Металлическая печь-каменка	шт	0	24	24	2026-01-14 17:01:25.806664	2026-01-14 17:01:25.806664
538	23	Дымоход сэндвич 115 мм	FP003	Утепленный дымоход	м	0	24	24	2026-01-14 17:01:25.806664	2026-01-14 17:01:25.806664
539	23	Топка каминная чугунная	FP004	Встраиваемая каминная топка	шт	0	24	24	2026-01-14 17:01:25.806664	2026-01-14 17:01:25.806664
540	23	Портал для камина мраморный	FP005	Декоративное обрамление	шт	0	24	24	2026-01-14 17:01:25.806664	2026-01-14 17:01:25.806664
541	23	Колосниковая решетка	FP006	Для каминов и печей	шт	0	24	24	2026-01-14 17:01:25.806664	2026-01-14 17:01:25.806664
542	23	Дверца топочная со стеклом	FP007	Жаропрочное стекло	шт	0	24	24	2026-01-14 17:01:25.806664	2026-01-14 17:01:25.806664
543	23	Набор каминных инструментов	FP008	Кочерга, совок, щипцы	набор	0	24	24	2026-01-14 17:01:25.806664	2026-01-14 17:01:25.806664
544	23	Дымоходный тройник 45°	FP009	Отвод для дымохода	шт	0	24	24	2026-01-14 17:01:25.806664	2026-01-14 17:01:25.806664
545	23	Экран каминный защитный	FP010	Защита от искр	шт	0	24	24	2026-01-14 17:01:25.806664	2026-01-14 17:01:25.806664
546	24	Вентилятор вытяжной для ванной	HVAC001	Осевой вентилятор 100 мм	шт	0	24	24	2026-01-14 17:01:25.806664	2026-01-14 17:01:25.806664
547	24	Воздуховод пластиковый 100 мм	HVAC002	Круглый воздуховод	м	0	24	24	2026-01-14 17:01:25.806664	2026-01-14 17:01:25.806664
669	35	Реле промежуточное	AS006	Для управления цепями	шт	0	24	24	2026-01-14 17:01:25.806664	2026-01-14 17:01:25.806664
670	35	Датчик освещенности	AS007	Фотореле	шт	0	24	24	2026-01-14 17:01:25.806664	2026-01-14 17:01:25.806664
671	35	Контроллер для котла	AS008	Программируемый контроллер	шт	0	24	24	2026-01-14 17:01:25.806664	2026-01-14 17:01:25.806664
672	35	ИБП 1000 ВА	AS009	Источник бесперебойного питания	шт	0	24	24	2026-01-14 17:01:25.806664	2026-01-14 17:01:25.806664
673	35	Щиток управления	AS010	Распределительный щит	шт	0	24	24	2026-01-14 17:01:25.806664	2026-01-14 17:01:25.806664
674	36	Бассейн каркасный 4,6 м	PE001	Летний каркасный бассейн	шт	0	24	24	2026-01-14 17:01:25.806664	2026-01-14 17:01:25.806664
675	36	Насос для бассейна 1 л/с	PE002	Циркуляционный насос	шт	0	24	24	2026-01-14 17:01:25.806664	2026-01-14 17:01:25.806664
676	36	Фильтр для бассейна песочный	PE003	Система фильтрации	шт	0	24	24	2026-01-14 17:01:25.806664	2026-01-14 17:01:25.806664
677	36	Хлор для бассейна 1 кг	PE004	Дезинфицирующее средство	кг	0	24	24	2026-01-14 17:01:25.806664	2026-01-14 17:01:25.806664
678	36	Тент для бассейна	PE005	Защитное покрытие	шт	0	24	24	2026-01-14 17:01:25.806664	2026-01-14 17:01:25.806664
679	36	Лестница для бассейна	PE006	Стальная лестница	шт	0	24	24	2026-01-14 17:01:25.806664	2026-01-14 17:01:25.806664
680	36	Пылесос для бассейна	PE007	Очистка дна бассейна	шт	0	24	24	2026-01-14 17:01:25.806664	2026-01-14 17:01:25.806664
681	36	Подогреватель для бассейна	PE008	Теплообменник	шт	0	24	24	2026-01-14 17:01:25.806664	2026-01-14 17:01:25.806664
682	36	Тестер для воды	PE009	Измерение pH и хлора	набор	0	24	24	2026-01-14 17:01:25.806664	2026-01-14 17:01:25.806664
683	36	Скиммер для бассейна	PE010	Поверхностный очиститель	шт	0	24	24	2026-01-14 17:01:25.806664	2026-01-14 17:01:25.806664
684	37	Печь для сауны 9 кВт	SE001	Электрическая печь-каменка	шт	0	24	24	2026-01-14 17:01:25.806664	2026-01-14 17:01:25.806664
685	37	Полки для сауны	SE002	Деревянные полки из абаши	комплект	0	24	24	2026-01-14 17:01:25.806664	2026-01-14 17:01:25.806664
686	37	Камень для печи 20 кг	SE003	Талькохлорит для каменки	мешок	0	24	24	2026-01-14 17:01:25.806664	2026-01-14 17:01:25.806664
687	37	Ведро для сауны	SE004	Деревянное ведро	шт	0	24	24	2026-01-14 17:01:25.806664	2026-01-14 17:01:25.806664
688	37	Ковшик для пара	SE005	Деревянный ковшик	шт	0	24	24	2026-01-14 17:01:25.806664	2026-01-14 17:01:25.806664
689	37	Термометр для сауны	SE006	Банный термометр	шт	0	24	24	2026-01-14 17:01:25.806664	2026-01-14 17:01:25.806664
690	37	Гигрометр для сауны	SE007	Измеритель влажности	шт	0	24	24	2026-01-14 17:01:25.806664	2026-01-14 17:01:25.806664
691	37	Ограждение для печи	SE008	Защитное ограждение	шт	0	24	24	2026-01-14 17:01:25.806664	2026-01-14 17:01:25.806664
692	37	Светильник для сауны	SE009	Влагостойкий светильник	шт	0	24	24	2026-01-14 17:01:25.806664	2026-01-14 17:01:25.806664
693	37	Ароматизатор для сауны	SE010	Эфирные масла	набор	0	24	24	2026-01-14 17:01:25.806664	2026-01-14 17:01:25.806664
694	38	Тротуарная плитка 30х30 см	RP001	Брусчатка бетонная	м²	0	24	24	2026-01-14 17:01:25.806664	2026-01-14 17:01:25.806664
695	38	Бордюр садовый 1000х200х80 мм	RP002	Дорожный бордюр	шт	0	24	24	2026-01-14 17:01:25.806664	2026-01-14 17:01:25.806664
696	38	Водосток бетонный	RP003	Ливневая канализация	м	0	24	24	2026-01-14 17:01:25.806664	2026-01-14 17:01:25.806664
697	38	Газонная решетка	RP004	Для парковок и дорожек	м²	0	24	24	2026-01-14 17:01:25.806664	2026-01-14 17:01:25.806664
698	38	Лоток дренажный 1000 мм	RP005	Водоотводный лоток	шт	0	24	24	2026-01-14 17:01:25.806664	2026-01-14 17:01:25.806664
699	38	Решетка чугунная для ливневки	RP006	Дренажная решетка	шт	0	24	24	2026-01-14 17:01:25.806664	2026-01-14 17:01:25.806664
700	38	Плитка резиновая 50х50 см	RP007	Безопасное покрытие	м²	0	24	24	2026-01-14 17:01:25.806664	2026-01-14 17:01:25.806664
701	38	Колонное ограждение	RP008	Дорожное ограждение	шт	0	24	24	2026-01-14 17:01:25.806664	2026-01-14 17:01:25.806664
702	38	Знак дорожный	RP009	Предупреждающий знак	шт	0	24	24	2026-01-14 17:01:25.806664	2026-01-14 17:01:25.806664
703	38	Краска для разметки	RP010	Дорожная разметка	кг	0	24	24	2026-01-14 17:01:25.806664	2026-01-14 17:01:25.806664
704	39	Фонарь уличный на столбе	OL001	Уличный светильник	шт	0	24	24	2026-01-14 17:01:25.806664	2026-01-14 17:01:25.806664
705	39	Светильник садовый на солнечных батареях	OL002	Автономное освещение	шт	0	24	24	2026-01-14 17:01:25.806664	2026-01-14 17:01:25.806664
706	39	Прожектор светодиодный 50 Вт	OL003	Наружное освещение	шт	0	24	24	2026-01-14 17:01:25.806664	2026-01-14 17:01:25.806664
707	39	Столб для освещения 3 м	OL004	Опорный столб	шт	0	24	24	2026-01-14 17:01:25.806664	2026-01-14 17:01:25.806664
708	39	Лампа ДНаТ 150 Вт	OL005	Газоразрядная лампа	шт	0	24	24	2026-01-14 17:01:25.806664	2026-01-14 17:01:25.806664
709	39	Кронштейн для фонаря	OL006	Крепление для светильника	шт	0	24	24	2026-01-14 17:01:25.806664	2026-01-14 17:01:25.806664
710	39	Панель солнечная 100 Вт	OL007	Солнечная батарея	шт	0	24	24	2026-01-14 17:01:25.806664	2026-01-14 17:01:25.806664
711	39	Контроллер заряда 20А	OL008	Для солнечных систем	шт	0	24	24	2026-01-14 17:01:25.806664	2026-01-14 17:01:25.806664
712	39	Кабель для уличной прокладки	OL009	Влагозащищенный кабель	м	0	24	24	2026-01-14 17:01:25.806664	2026-01-14 17:01:25.806664
713	39	Датчик освещенности уличный	OL010	Фотореле для уличного света	шт	0	24	24	2026-01-14 17:01:25.806664	2026-01-14 17:01:25.806664
714	40	Снегоуборщик бензиновый	SS001	Машина для уборки снега	шт	0	24	24	2026-01-14 17:01:25.806664	2026-01-14 17:01:25.806664
715	40	Лопата снеговая	SS002	Пластиковая лопата для снега	шт	0	24	24	2026-01-14 17:01:25.806664	2026-01-14 17:01:25.806664
716	40	Противогололедный реагент	SS003	Средство от наледи	кг	0	24	24	2026-01-14 17:01:25.806664	2026-01-14 17:01:25.806664
717	40	Мангал стальной	SS004	Угольный мангал	шт	0	24	24	2026-01-14 17:01:25.806664	2026-01-14 17:01:25.806664
718	40	Гриль электрический	SS005	Электрический гриль	шт	0	24	24	2026-01-14 17:01:25.806664	2026-01-14 17:01:25.806664
719	40	Шезлонг пляжный	SS006	Раскладное кресло	шт	0	24	24	2026-01-14 17:01:25.806664	2026-01-14 17:01:25.806664
721	40	Холодильник переносной	SS008	Термоконтейнер	шт	0	24	24	2026-01-14 17:01:25.806664	2026-01-14 17:01:25.806664
722	40	Обогреватель газовый	SS009	Портативный обогреватель	шт	0	24	24	2026-01-14 17:01:25.806664	2026-01-14 17:01:25.806664
723	40	Средство от комаров	SS010	Антимоскитные спирали	уп	0	24	24	2026-01-14 17:01:25.806664	2026-01-14 17:01:25.806664
\.


--
-- Data for Name: notifications; Type: TABLE DATA; Schema: public; Owner: postgres
--

COPY public.notifications (id, user_id, type, title, message, read, created_at) FROM stdin;
97	24	backup_created	Создание бэкапа	[user:24:admin] создал бэкап: backup_2026-01-14T13-36-13-957Z.sql	t	2026-01-14 15:36:14.853954
99	24	material_updated	Изменение материала	[user:24:admin] изменил материал "Цементная смесь 25кг ЮЛЯ": название: "Цементная смесь 25кг ЮЛЯ" → "Цементная смесь 25кг"	t	2026-01-14 15:39:21.27031
101	24	user_created	Создание пользователя	[user:24:admin] создал пользователя [user:30:афыва41]	t	2026-01-14 15:58:04.907847
103	24	admin_user_updated	Админ изменил данные пользователя	[user:24:admin] изменил данные пользователя [user:28:р]: "birthday": "2006-08-02" → "Wed Aug 02 2006 00:00:00 GMT+0300 (Восточная Европа, летнее время)", "username": "р" → "123"	t	2026-01-14 16:02:03.478823
105	24	category_created	Создание категории	Администратор admin создал категорию: пывапв	f	2026-01-14 16:03:33.15214
107	24	category_created	Создание категории	Администратор admin создал категорию: 235	f	2026-01-14 16:26:36.87106
111	24	category_deleted	Удаление категории	Администратор admin удалил категорию: Изоляционные материалы	f	2026-01-14 16:36:42.237601
112	24	category_deleted	Удаление категории	Администратор admin удалил категорию: Инструменты	f	2026-01-14 16:36:42.258489
113	24	category_deleted	Удаление категории	Администратор admin удалил категорию: Керамическая плитка и клей	f	2026-01-14 16:36:42.272774
114	24	category_deleted	Удаление категории	Администратор admin удалил категорию: Кирпич, блоки и перекрытия	f	2026-01-14 16:36:42.294568
115	24	category_deleted	Удаление категории	Администратор admin удалил категорию: Крепеж и метизы	f	2026-01-14 16:36:42.310167
116	24	category_deleted	Удаление категории	Администратор admin удалил категорию: Кровельные материалы	f	2026-01-14 16:36:42.324922
117	24	category_deleted	Удаление категории	Администратор admin удалил категорию: Лакокрасочные материалы	f	2026-01-14 16:36:42.340015
118	24	category_deleted	Удаление категории	Администратор admin удалил категорию: Напольные покрытия	f	2026-01-14 16:36:42.354154
119	24	category_deleted	Удаление категории	Администратор admin удалил категорию: Окна, двери, стекло	f	2026-01-14 16:36:42.368327
120	24	category_deleted	Удаление категории	Администратор admin удалил категорию: Отделочные материалы	f	2026-01-14 16:36:42.382109
121	24	category_deleted	Удаление категории	Администратор admin удалил категорию: Пиломатериалы и изделия из дерева	f	2026-01-14 16:36:42.395422
88	24	login	Вход в систему	[user:24:admin] вошел в систему	t	2026-01-02 18:16:46.193851
90	24	login	Вход в систему	[user:24:admin] вошел в систему	t	2026-01-04 00:04:17.040939
92	24	login	Вход в систему	[user:24:admin] вошел в систему	t	2026-01-14 15:33:56.810285
95	28	profile_updated	Изменение профиля	[user:28:р] изменил данные: "email": "" → "fjsdhfksd@mail.ru", "birthday": "" → "2006-08-02"	t	2026-01-14 15:35:04.990214
96	24	login	Вход в систему	[user:24:admin] вошел в систему	t	2026-01-14 15:35:11.061497
122	24	category_deleted	Удаление категории	Администратор admin удалил категорию: Сантехника и водоснабжение	f	2026-01-14 16:36:42.409714
123	24	category_deleted	Удаление категории	Администратор admin удалил категорию: Сухие строительные смеси	f	2026-01-14 16:36:42.424172
124	24	category_deleted	Удаление категории	Администратор admin удалил категорию: Электроинструмент и оборудование	f	2026-01-14 16:36:42.436806
125	24	category_deleted	Удаление категории	Администратор admin удалил категорию: Электротовары и освещение	f	2026-01-14 16:36:42.451272
98	24	backup_downloaded	Скачивание бэкапа	[user:24:admin] скачал бэкап: backup_2026-01-14T13-36-13-957Z.sql	t	2026-01-14 15:36:41.211935
100	24	user_created	Создание пользователя	[user:24:admin] создал пользователя [user:29:ааыва81]	t	2026-01-14 15:54:40.672044
102	24	profile_updated	Изменение профиля	[user:24:admin] изменил данные: "name": "admin" → "Данила", "secondname": "admin" → "Клименков", "email": "" → "d_siclehnbko@,ail.tu", "phone": "" → "3295739432`", "birthday": "" → "1900-01-01"	t	2026-01-14 16:01:09.517025
104	24	admin_user_updated	Админ изменил данные пользователя	[user:24:admin] изменил данные пользователя [user:28:123]: "secondname": "Назаров" → "Назаровываы", "birthday": "2006-08-02" → "Wed Aug 02 2006 00:00:00 GMT+0300 (Восточная Европа, летнее время)"	t	2026-01-14 16:02:28.592319
106	24	category_updated	Изменение категории	Администратор admin изменил категорию "Смеси": описание изменено	f	2026-01-14 16:03:47.536664
108	24	category_deleted	Удаление категории	Администратор admin удалил категорию: 235	f	2026-01-14 16:29:15.228383
109	24	category_created	Создание категории	Администратор admin создал категорию: fsdf	f	2026-01-14 16:29:18.473625
110	24	category_deleted	Удаление категории	Администратор admin удалил категорию: fsdf	f	2026-01-14 16:29:26.289378
126	24	login	Вход в систему	[user:24:admin] вошел в систему	f	2026-01-14 16:40:32.792284
89	24	login	Вход в систему	[user:24:admin] вошел в систему	t	2026-01-02 18:17:03.133094
91	24	login	Вход в систему	[user:24:admin] вошел в систему	t	2026-01-14 14:45:44.467272
93	24	user_created	Создание пользователя	[user:24:admin] создал пользователя [user:28:р]	t	2026-01-14 15:34:28.297465
94	28	login	Вход в систему	[user:28:р] вошел в систему	t	2026-01-14 15:34:35.252512
\.


--
-- Data for Name: users; Type: TABLE DATA; Schema: public; Owner: postgres
--

COPY public.users (id, password, role, name, secondname, created_at, email, phone, birthday, updated_at, username) FROM stdin;
26	$2b$10$w.AiCbS4T0xWHb4cDUCEleT9WG6P5q2LdStgIz1VyCnLMtvmLJxtG	storekeeper	hjv	kjb	2026-01-01 23:21:54.847014			1997-12-02	2026-01-01 23:23:35.544	hkjb42
25	$2b$10$Av.5P8Y2dF0L7.MDq0Mg2.0HJd1gUpUTLDTx.Ya3nFJIH51C23NUS	storekeeper	mnb	n,ma	2026-01-01 23:21:40.489459			\N	2026-01-01 23:36:48.467	as
27	$2b$10$ayukVPfSiVJeL6QNKVW8JeUB4rCKp1AIU38td/JcMLgAAK5jw49BG	storekeeper	фвыв	выфв	2026-01-01 23:34:49.764511			1994-12-02	2026-01-01 23:38:59.341415	a
29	$2b$10$DxDYgwmeT62xvNb7ZHPV/egjoAPeOySAE2cuacYoJ8ECn..z30Tw2	storekeeper	аыва	аыва	2026-01-14 15:54:40.488854			\N	2026-01-14 15:54:40.488854	ааыва81
30	$2b$10$.HnfyjTXq621wlRFVD1XTOpRyC9v/igNJ/t.3hhpcoX4WEEHehFSK	accountant	аыва	фыва	2026-01-14 15:58:04.829497			\N	2026-01-14 15:58:04.829497	афыва41
24	$2b$10$c3RPA4Mt03gXwzckGDPNm.lenyVYv0dx6cRVoOt6ea.IaN2cVeZZi	admin	Данила	Клименков	2026-01-01 23:21:19.12148	d_siclehnbko@,ail.tu	3295739432`	1900-01-01	2026-01-14 16:01:09.437	admin
28	$2b$10$572TZDPsHhXDpFiN7RuSKeH.YjdSo3krz2Q1LerD3uppzevsskykO	storekeeper	Руслан	Назаровываы	2026-01-14 15:34:28.102985	fjsdhfksd@mail.ru		2006-08-02	2026-01-14 16:02:28.505	123
31	hashed_password_1	admin	Александр	Иванов	2026-01-14 16:15:58.049715	alex.ivanov@example.com	+79990001111	1985-03-15	2026-01-14 16:15:58.049715	admin1
32	hashed_password_2	storekeeper	Мария	Петрова	2026-01-14 16:15:58.049715	maria.petrova@example.com	+79990001112	1990-07-22	2026-01-14 16:15:58.049715	storekeeper1
33	hashed_password_3	accountant	Дмитрий	Сидоров	2026-01-14 16:15:58.049715	dmitry.sidorov@example.com	+79990001113	1988-11-30	2026-01-14 16:15:58.049715	accountant1
34	hashed_password_4	admin	Елена	Кузнецова	2026-01-14 16:15:58.049715	elena.kuznetsova@example.com	+79990001114	1983-05-18	2026-01-14 16:15:58.049715	admin2
35	hashed_password_5	storekeeper	Сергей	Смирнов	2026-01-14 16:15:58.049715	sergey.smirnov@example.com	+79990001115	1992-09-05	2026-01-14 16:15:58.049715	storekeeper2
36	hashed_password_6	accountant	Ольга	Васильева	2026-01-14 16:15:58.049715	olga.vasileva@example.com	+79990001116	1991-12-10	2026-01-14 16:15:58.049715	accountant2
37	hashed_password_7	admin	Андрей	Попов	2026-01-14 16:15:58.049715	andrey.popov@example.com	+79990001117	1987-01-25	2026-01-14 16:15:58.049715	admin3
38	hashed_password_8	storekeeper	Наталья	Морозова	2026-01-14 16:15:58.049715	natalia.morozova@example.com	+79990001118	1993-04-14	2026-01-14 16:15:58.049715	storekeeper3
39	hashed_password_9	accountant	Иван	Новиков	2026-01-14 16:15:58.049715	ivan.novikov@example.com	+79990001119	1989-08-08	2026-01-14 16:15:58.049715	accountant3
40	hashed_password_10	admin	Татьяна	Фёдорова	2026-01-14 16:15:58.049715	tatiana.fedorova@example.com	+79990001120	1984-06-19	2026-01-14 16:15:58.049715	admin4
41	hashed_password_11	storekeeper	Алексей	Волков	2026-01-14 16:15:58.049715	aleksey.volkov@example.com	+79990001121	1994-02-28	2026-01-14 16:15:58.049715	storekeeper4
42	hashed_password_12	accountant	Юлия	Алексеева	2026-01-14 16:15:58.049715	yulia.alekseeva@example.com	+79990001122	1990-10-03	2026-01-14 16:15:58.049715	accountant4
43	hashed_password_13	admin	Михаил	Лебедев	2026-01-14 16:15:58.049715	mikhail.lebedev@example.com	+79990001123	1986-03-12	2026-01-14 16:15:58.049715	admin5
44	hashed_password_14	storekeeper	Екатерина	Семёнова	2026-01-14 16:15:58.049715	ekaterina.semenova@example.com	+79990001124	1995-07-07	2026-01-14 16:15:58.049715	storekeeper5
45	hashed_password_15	accountant	Павел	Егоров	2026-01-14 16:15:58.049715	pavel.egorov@example.com	+79990001125	1987-11-21	2026-01-14 16:15:58.049715	accountant5
46	hashed_password_16	admin	Анна	Павлова	2026-01-14 16:15:58.049715	anna.pavlova@example.com	+79990001126	1982-09-17	2026-01-14 16:15:58.049715	admin6
47	hashed_password_17	storekeeper	Владимир	Козлов	2026-01-14 16:15:58.049715	vladimir.kozlov@example.com	+79990001127	1991-04-26	2026-01-14 16:15:58.049715	storekeeper6
48	hashed_password_18	accountant	Светлана	Степанова	2026-01-14 16:15:58.049715	svetlana.stepanova@example.com	+79990001128	1993-12-05	2026-01-14 16:15:58.049715	accountant6
49	hashed_password_19	admin	Николай	Никитин	2026-01-14 16:15:58.049715	nikolay.nikitin@example.com	+79990001129	1988-02-14	2026-01-14 16:15:58.049715	admin7
50	hashed_password_20	storekeeper	Людмила	Орлова	2026-01-14 16:15:58.049715	lyudmila.orlova@example.com	+79990001130	1994-08-30	2026-01-14 16:15:58.049715	storekeeper7
51	hashed_password_21	accountant	Артём	Андреев	2026-01-14 16:15:58.049715	artem.andreev@example.com	+79990001131	1989-05-23	2026-01-14 16:15:58.049715	accountant7
52	hashed_password_22	admin	Виктория	Макарова	2026-01-14 16:15:58.049715	victoria.makarova@example.com	+79990001132	1985-01-09	2026-01-14 16:15:58.049715	admin8
53	hashed_password_23	storekeeper	Константин	Захаров	2026-01-14 16:15:58.049715	konstantin.zakharov@example.com	+79990001133	1992-06-11	2026-01-14 16:15:58.049715	storekeeper8
54	hashed_password_24	accountant	Галина	Ильина	2026-01-14 16:15:58.049715	galina.ilina@example.com	+79990001134	1990-03-27	2026-01-14 16:15:58.049715	accountant8
55	hashed_password_25	admin	Роман	Гусев	2026-01-14 16:15:58.049715	roman.gusev@example.com	+79990001135	1983-10-15	2026-01-14 16:15:58.049715	admin9
56	hashed_password_26	storekeeper	Валентина	Титова	2026-01-14 16:15:58.049715	valentina.titova@example.com	+79990001136	1996-01-20	2026-01-14 16:15:58.049715	storekeeper9
57	hashed_password_27	accountant	Борис	Кузьмин	2026-01-14 16:15:58.049715	boris.kuzmin@example.com	+79990001137	1986-07-04	2026-01-14 16:15:58.049715	accountant9
58	hashed_password_28	admin	Ирина	Кудрявцева	2026-01-14 16:15:58.049715	irina.kudryavtseva@example.com	+79990001138	1984-12-12	2026-01-14 16:15:58.049715	admin10
59	hashed_password_29	storekeeper	Григорий	Баранов	2026-01-14 16:15:58.049715	grigory.baranov@example.com	+79990001139	1993-09-18	2026-01-14 16:15:58.049715	storekeeper10
60	hashed_password_30	accountant	Лариса	Киселёва	2026-01-14 16:15:58.049715	larisa.kiseleva@example.com	+79990001140	1988-11-02	2026-01-14 16:15:58.049715	accountant10
61	hashed_password_31	admin	Фёдор	Герасимов	2026-01-14 16:15:58.049715	fedor.gerasimov@example.com	+79990001141	1987-04-25	2026-01-14 16:15:58.049715	admin11
62	hashed_password_32	storekeeper	Маргарита	Тарасова	2026-01-14 16:15:58.049715	margarita.tarasova@example.com	+79990001142	1995-02-14	2026-01-14 16:15:58.049715	storekeeper11
63	hashed_password_33	accountant	Василий	Соловьёв	2026-01-14 16:15:58.049715	vasily.solovyov@example.com	+79990001143	1989-06-30	2026-01-14 16:15:58.049715	accountant11
64	hashed_password_34	admin	Жанна	Филиппова	2026-01-14 16:15:58.049715	zhanna.filippova@example.com	+79990001144	1982-08-08	2026-01-14 16:15:58.049715	admin12
65	hashed_password_35	storekeeper	Станислав	Комиссаров	2026-01-14 16:15:58.049715	stanislav.komissarov@example.com	+79990001145	1991-03-19	2026-01-14 16:15:58.049715	storekeeper12
66	hashed_password_36	accountant	Алла	Максимова	2026-01-14 16:15:58.049715	alla.maximova@example.com	+79990001146	1992-10-22	2026-01-14 16:15:58.049715	accountant12
67	hashed_password_37	admin	Виталий	Белов	2026-01-14 16:15:58.049715	vitaly.belov@example.com	+79990001147	1985-05-17	2026-01-14 16:15:58.049715	admin13
68	hashed_password_38	storekeeper	Регина	Шестакова	2026-01-14 16:15:58.049715	regina.shestakova@example.com	+79990001148	1994-07-11	2026-01-14 16:15:58.049715	storekeeper13
69	hashed_password_39	accountant	Георгий	Осипов	2026-01-14 16:15:58.049715	georgy.osipov@example.com	+79990001149	1986-12-28	2026-01-14 16:15:58.049715	accountant13
70	hashed_password_40	admin	Ксения	Дмитриева	2026-01-14 16:15:58.049715	ksenia.dmitrieva@example.com	+79990001150	1983-01-31	2026-01-14 16:15:58.049715	admin14
71	hashed_password_41	storekeeper	Ярослав	Бирюков	2026-01-14 16:15:58.049715	yaroslav.biryukov@example.com	+79990001151	1996-04-05	2026-01-14 16:15:58.049715	storekeeper14
72	hashed_password_42	accountant	Элина	Карасева	2026-01-14 16:15:58.049715	elina.karaseva@example.com	+79990001152	1990-09-13	2026-01-14 16:15:58.049715	accountant14
73	hashed_password_43	admin	Леонид	Антонов	2026-01-14 16:15:58.049715	leonid.antonov@example.com	+79990001153	1988-02-24	2026-01-14 16:15:58.049715	admin15
74	hashed_password_44	storekeeper	Вера	Фомина	2026-01-14 16:15:58.049715	vera.fomina@example.com	+79990001154	1993-11-07	2026-01-14 16:15:58.049715	storekeeper15
75	hashed_password_45	accountant	Руслан	Давыдов	2026-01-14 16:15:58.049715	ruslan.davydov@example.com	+79990001155	1987-08-16	2026-01-14 16:15:58.049715	accountant15
76	hashed_password_46	admin	Зоя	Мельникова	2026-01-14 16:15:58.049715	zoya.melnikova@example.com	+79990001156	1984-06-09	2026-01-14 16:15:58.049715	admin16
77	hashed_password_47	storekeeper	Эдуард	Щербаков	2026-01-14 16:15:58.049715	eduard.shcherbakov@example.com	+79990001157	1992-03-03	2026-01-14 16:15:58.049715	storekeeper16
78	hashed_password_48	accountant	Тамара	Блинова	2026-01-14 16:15:58.049715	tamara.blinova@example.com	+79990001158	1991-05-29	2026-01-14 16:15:58.049715	accountant16
79	hashed_password_49	admin	Семён	Колесников	2026-01-14 16:15:58.049715	semen.kolesnikov@example.com	+79990001159	1989-10-12	2026-01-14 16:15:58.049715	admin17
80	hashed_password_50	storekeeper	Диана	Карпова	2026-01-14 16:15:58.049715	diana.karpova@example.com	+79990001160	1995-12-01	2026-01-14 16:15:58.049715	storekeeper17
81	hashed_password_51	accountant	Вячеслав	Афанасьев	2026-01-14 16:15:58.049715	vyacheslav.afanasyev@example.com	+79990001161	1986-04-18	2026-01-14 16:15:58.049715	accountant17
82	hashed_password_52	admin	Лидия	Власова	2026-01-14 16:15:58.049715	lidiya.vlasova@example.com	+79990001162	1982-07-26	2026-01-14 16:15:58.049715	admin18
83	hashed_password_53	storekeeper	Тимур	Маслов	2026-01-14 16:15:58.049715	timur.maslov@example.com	+79990001163	1994-01-14	2026-01-14 16:15:58.049715	storekeeper18
84	hashed_password_54	accountant	Нина	Исакова	2026-01-14 16:15:58.049715	nina.isakova@example.com	+79990001164	1990-08-21	2026-01-14 16:15:58.049715	accountant18
85	hashed_password_55	admin	Яков	Тихонов	2026-01-14 16:15:58.049715	yakov.tikhonov@example.com	+79990001165	1985-11-05	2026-01-14 16:15:58.049715	admin19
86	hashed_password_56	storekeeper	Алёна	Савельева	2026-01-14 16:15:58.049715	alyona.savelyeva@example.com	+79990001166	1996-02-27	2026-01-14 16:15:58.049715	storekeeper19
87	hashed_password_57	accountant	Евгений	Жуков	2026-01-14 16:15:58.049715	evgeny.zhukov@example.com	+79990001167	1988-06-08	2026-01-14 16:15:58.049715	accountant19
88	hashed_password_58	admin	Клавдия	Лаврентьева	2026-01-14 16:15:58.049715	klavdiya.lavrentyeva@example.com	+79990001168	1983-03-23	2026-01-14 16:15:58.049715	admin20
89	hashed_password_59	storekeeper	Аркадий	Бобров	2026-01-14 16:15:58.049715	arkady.bobrov@example.com	+79990001169	1991-09-09	2026-01-14 16:15:58.049715	storekeeper20
90	hashed_password_60	accountant	Марина	Ершова	2026-01-14 16:15:58.049715	marina.ershova@example.com	+79990001170	1993-12-15	2026-01-14 16:15:58.049715	accountant20
91	hashed_password_61	admin	Денис	Григорьев	2026-01-14 16:15:58.049715	denis.grigoryev@example.com	+79990001171	1987-05-20	2026-01-14 16:15:58.049715	admin21
92	hashed_password_62	storekeeper	Агата	Федосеева	2026-01-14 16:15:58.049715	agata.fedoseeva@example.com	+79990001172	1995-10-04	2026-01-14 16:15:58.049715	storekeeper21
93	hashed_password_63	accountant	Степан	Зиновьев	2026-01-14 16:15:58.049715	stepan.zinovyev@example.com	+79990001173	1989-01-11	2026-01-14 16:15:58.049715	accountant21
94	hashed_password_64	admin	Лилия	Пахомова	2026-01-14 16:15:58.049715	liliya.pakhomova@example.com	+79990001174	1984-07-28	2026-01-14 16:15:58.049715	admin22
95	hashed_password_65	storekeeper	Игнат	Шубин	2026-01-14 16:15:58.049715	ignat.shubin@example.com	+79990001175	1992-04-02	2026-01-14 16:15:58.049715	storekeeper22
96	hashed_password_66	accountant	Раиса	Кондратьева	2026-01-14 16:15:58.049715	raisa.kondratyeva@example.com	+79990001176	1990-11-19	2026-01-14 16:15:58.049715	accountant22
97	hashed_password_67	admin	Вадим	Борисов	2026-01-14 16:15:58.049715	vadim.borisov@example.com	+79990001177	1986-08-13	2026-01-14 16:15:58.049715	admin23
98	hashed_password_68	storekeeper	Ульяна	Молчанова	2026-01-14 16:15:58.049715	ulyana.molchanova@example.com	+79990001178	1994-05-24	2026-01-14 16:15:58.049715	storekeeper23
99	hashed_password_69	accountant	Тарас	Ермаков	2026-01-14 16:15:58.049715	taras.ermakov@example.com	+79990001179	1988-12-06	2026-01-14 16:15:58.049715	accountant23
100	hashed_password_70	admin	Каролина	Гордеева	2026-01-14 16:15:58.049715	karolina.gordeeva@example.com	+79990001180	1983-02-17	2026-01-14 16:15:58.049715	admin24
101	hashed_password_71	storekeeper	Платон	Ситников	2026-01-14 16:15:58.049715	platon.sitnikov@example.com	+79990001181	1996-06-29	2026-01-14 16:15:58.049715	storekeeper24
102	hashed_password_72	accountant	Антонина	Ковалёва	2026-01-14 16:15:58.049715	antonina.kovalyova@example.com	+79990001182	1991-07-31	2026-01-14 16:15:58.049715	accountant24
103	hashed_password_73	admin	Игорь	Третьяков	2026-01-14 16:15:58.049715	igor.tretyakov@example.com	+79990001183	1985-09-26	2026-01-14 16:15:58.049715	admin25
104	hashed_password_74	storekeeper	Эльвира	Калмыкова	2026-01-14 16:15:58.049715	elvira.kalmykova@example.com	+79990001184	1993-03-08	2026-01-14 16:15:58.049715	storekeeper25
105	hashed_password_75	accountant	Всеволод	Наумов	2026-01-14 16:15:58.049715	vsevolod.naumov@example.com	+79990001185	1987-10-10	2026-01-14 16:15:58.049715	accountant25
106	hashed_password_76	admin	Нонна	Сорокина	2026-01-14 16:15:58.049715	nonna.sorokina@example.com	+79990001186	1982-12-23	2026-01-14 16:15:58.049715	admin26
107	hashed_password_77	storekeeper	Даниил	Воронов	2026-01-14 16:15:58.049715	danila.voronov@example.com	+79990001187	1995-01-16	2026-01-14 16:15:58.049715	storekeeper26
108	hashed_password_78	accountant	Зинаида	Моисеева	2026-01-14 16:15:58.049715	zinaida.moiseeva@example.com	+79990001188	1990-04-07	2026-01-14 16:15:58.049715	accountant26
109	hashed_password_79	admin	Альберт	Рыбаков	2026-01-14 16:15:58.049715	albert.rybakov@example.com	+79990001189	1988-05-01	2026-01-14 16:15:58.049715	admin27
110	hashed_password_80	storekeeper	Кира	Суханова	2026-01-14 16:15:58.049715	kira.sukhanova@example.com	+79990001190	1994-08-25	2026-01-14 16:15:58.049715	storekeeper27
111	hashed_password_81	accountant	Геннадий	Ефимов	2026-01-14 16:15:58.049715	gennady.efimov@example.com	+79990001191	1986-11-14	2026-01-14 16:15:58.049715	accountant27
112	hashed_password_82	admin	Ангелина	Трофимова	2026-01-14 16:15:58.049715	angelina.trofimova@example.com	+79990001192	1984-02-09	2026-01-14 16:15:58.049715	admin28
113	hashed_password_83	storekeeper	Матвей	Куликов	2026-01-14 16:15:58.049715	matvey.kulikov@example.com	+79990001193	1992-06-03	2026-01-14 16:15:58.049715	storekeeper28
114	hashed_password_84	accountant	Лиана	Савина	2026-01-14 16:15:58.049715	liana.savina@example.com	+79990001194	1991-09-28	2026-01-14 16:15:58.049715	accountant28
115	hashed_password_85	admin	Филипп	Жданов	2026-01-14 16:15:58.049715	filipp.zhdanov@example.com	+79990001195	1989-03-16	2026-01-14 16:15:58.049715	admin29
116	hashed_password_86	storekeeper	Яна	Романова	2026-01-14 16:15:58.049715	yana.romanova@example.com	+79990001196	1996-07-19	2026-01-14 16:15:58.049715	storekeeper29
117	hashed_password_87	accountant	Арсений	Марков	2026-01-14 16:15:58.049715	arseny.markov@example.com	+79990001197	1987-12-22	2026-01-14 16:15:58.049715	accountant29
118	hashed_password_88	admin	Евдокия	Воронцова	2026-01-14 16:15:58.049715	evdokiya.vorontsova@example.com	+79990001198	1983-10-08	2026-01-14 16:15:58.049715	admin30
119	hashed_password_89	storekeeper	Прохор	Логинов	2026-01-14 16:15:58.049715	prokhor.loginov@example.com	+79990001199	1993-01-27	2026-01-14 16:15:58.049715	storekeeper30
120	hashed_password_90	accountant	Варвара	Беляева	2026-01-14 16:15:58.049715	varvara.belyaeva@example.com	+79990001200	1990-05-06	2026-01-14 16:15:58.049715	accountant30
121	hashed_password_91	storekeeper	Глеб	Котов	2026-01-14 16:15:58.049715	gleb.kotov@example.com	+79990001201	1994-11-11	2026-01-14 16:15:58.049715	storekeeper31
122	hashed_password_92	storekeeper	Любовь	Журавлёва	2026-01-14 16:15:58.049715	lyubov.zhuravlyova@example.com	+79990001202	1995-04-13	2026-01-14 16:15:58.049715	storekeeper32
123	hashed_password_93	storekeeper	Родион	Петухов	2026-01-14 16:15:58.049715	rodion.petukhov@example.com	+79990001203	1992-08-20	2026-01-14 16:15:58.049715	storekeeper33
124	hashed_password_94	accountant	Снежана	Лапина	2026-01-14 16:15:58.049715	snezhana.lapina@example.com	+79990001204	1989-02-03	2026-01-14 16:15:58.049715	accountant31
125	hashed_password_95	accountant	Ипполит	Прокофьев	2026-01-14 16:15:58.049715	ippolit.prokofyev@example.com	+79990001205	1986-06-27	2026-01-14 16:15:58.049715	accountant32
126	hashed_password_96	accountant	Кристина	Носкова	2026-01-14 16:15:58.049715	kristina.noskova@example.com	+79990001206	1993-12-31	2026-01-14 16:15:58.049715	accountant33
127	hashed_password_97	storekeeper	Егор	Медведев	2026-01-14 16:15:58.049715	egor.medvedev@example.com	+79990001207	1991-07-09	2026-01-14 16:15:58.049715	storekeeper34
128	hashed_password_98	accountant	Анфиса	Потапова	2026-01-14 16:15:58.049715	anfisa.potapova@example.com	+79990001208	1988-04-04	2026-01-14 16:15:58.049715	accountant34
129	hashed_password_99	storekeeper	Савелий	Николаев	2026-01-14 16:15:58.049715	savely.nikolaev@example.com	+79990001209	1996-03-21	2026-01-14 16:15:58.049715	storekeeper35
130	hashed_password_100	accountant	Лев	Соболев	2026-01-14 16:15:58.049715	lev.sobolev@example.com	+79990001210	1987-09-17	2026-01-14 16:15:58.049715	accountant35
\.


--
-- Name: backups_id_seq; Type: SEQUENCE SET; Schema: public; Owner: postgres
--

SELECT pg_catalog.setval('public.backups_id_seq', 1, true);


--
-- Name: materialcategories_id_seq; Type: SEQUENCE SET; Schema: public; Owner: postgres
--

SELECT pg_catalog.setval('public.materialcategories_id_seq', 40, true);


--
-- Name: materials_id_seq; Type: SEQUENCE SET; Schema: public; Owner: postgres
--

SELECT pg_catalog.setval('public.materials_id_seq', 723, true);


--
-- Name: notifications_id_seq; Type: SEQUENCE SET; Schema: public; Owner: postgres
--

SELECT pg_catalog.setval('public.notifications_id_seq', 126, true);


--
-- Name: users_id_seq; Type: SEQUENCE SET; Schema: public; Owner: postgres
--

SELECT pg_catalog.setval('public.users_id_seq', 130, true);


--
-- Name: backups backups_pkey; Type: CONSTRAINT; Schema: public; Owner: postgres
--

ALTER TABLE ONLY public.backups
    ADD CONSTRAINT backups_pkey PRIMARY KEY (id);


--
-- Name: materialcategories materialcategories_pkey; Type: CONSTRAINT; Schema: public; Owner: postgres
--

ALTER TABLE ONLY public.materialcategories
    ADD CONSTRAINT materialcategories_pkey PRIMARY KEY (id);


--
-- Name: materials materials_code_key; Type: CONSTRAINT; Schema: public; Owner: postgres
--

ALTER TABLE ONLY public.materials
    ADD CONSTRAINT materials_code_key UNIQUE (code);


--
-- Name: materials materials_pkey; Type: CONSTRAINT; Schema: public; Owner: postgres
--

ALTER TABLE ONLY public.materials
    ADD CONSTRAINT materials_pkey PRIMARY KEY (id);


--
-- Name: notifications notifications_pkey; Type: CONSTRAINT; Schema: public; Owner: postgres
--

ALTER TABLE ONLY public.notifications
    ADD CONSTRAINT notifications_pkey PRIMARY KEY (id);


--
-- Name: users users_pkey; Type: CONSTRAINT; Schema: public; Owner: postgres
--

ALTER TABLE ONLY public.users
    ADD CONSTRAINT users_pkey PRIMARY KEY (id);


--
-- Name: backups backups_created_by_fkey; Type: FK CONSTRAINT; Schema: public; Owner: postgres
--

ALTER TABLE ONLY public.backups
    ADD CONSTRAINT backups_created_by_fkey FOREIGN KEY (created_by) REFERENCES public.users(id) ON DELETE SET NULL;


--
-- Name: materialcategories materialcategories_created_by_fkey; Type: FK CONSTRAINT; Schema: public; Owner: postgres
--

ALTER TABLE ONLY public.materialcategories
    ADD CONSTRAINT materialcategories_created_by_fkey FOREIGN KEY (created_by) REFERENCES public.users(id) ON DELETE SET NULL;


--
-- Name: materialcategories materialcategories_updated_by_fkey; Type: FK CONSTRAINT; Schema: public; Owner: postgres
--

ALTER TABLE ONLY public.materialcategories
    ADD CONSTRAINT materialcategories_updated_by_fkey FOREIGN KEY (updated_by) REFERENCES public.users(id) ON DELETE SET NULL;


--
-- Name: materials materials_category_id_fkey; Type: FK CONSTRAINT; Schema: public; Owner: postgres
--

ALTER TABLE ONLY public.materials
    ADD CONSTRAINT materials_category_id_fkey FOREIGN KEY (category_id) REFERENCES public.materialcategories(id) ON DELETE SET NULL;


--
-- Name: materials materials_created_by_fkey; Type: FK CONSTRAINT; Schema: public; Owner: postgres
--

ALTER TABLE ONLY public.materials
    ADD CONSTRAINT materials_created_by_fkey FOREIGN KEY (created_by) REFERENCES public.users(id) ON DELETE SET NULL;


--
-- Name: materials materials_updated_by_fkey; Type: FK CONSTRAINT; Schema: public; Owner: postgres
--

ALTER TABLE ONLY public.materials
    ADD CONSTRAINT materials_updated_by_fkey FOREIGN KEY (updated_by) REFERENCES public.users(id) ON DELETE SET NULL;


--
-- Name: notifications notifications_user_id_fkey; Type: FK CONSTRAINT; Schema: public; Owner: postgres
--

ALTER TABLE ONLY public.notifications
    ADD CONSTRAINT notifications_user_id_fkey FOREIGN KEY (user_id) REFERENCES public.users(id) ON DELETE SET NULL;


--
-- PostgreSQL database dump complete
--

\unrestrict AxIoJNIRkgemIYWY50utfvc8UzdR8wVO9VqZdmK2XF6yofD6apQoxjZchCSdnxO

